TaskID,TaskType,ArrivalHour,GPU_Demand,EstimatedDuration_min,DelaySensitivity,SourceRegion,MaxLatency_ms,LatestFinishHour,EarliestStartHour,ExecutionMode,ExecutionRegion,StartHour,FinishHour,NetworkLatency_ms,Scheduled
56,AITraining,2394,19,240,Low,RegionE,150,2406,2394,NonPreemptive,RegionD,2394.0,2398.0,22.0,True
57,BatchInference,2390,16,180,Medium,RegionE,80,2406,2390,NonPreemptive,RegionD,2390.0,2393.0,22.0,True
165,BatchInference,2390,18,105,Medium,RegionB,80,2406,2390,NonPreemptive,RegionB,2390.0,2391.75,5.0,True
205,BatchInference,2385,6,295,Medium,RegionB,80,2406,2385,NonPreemptive,RegionD,2385.0,2389.9166666666665,60.0,True
235,RealTimeInference,2378,2,28,High,RegionE,20,2379,2378,NonPreemptive,RegionE,2378.0,2378.4666666666667,5.0,True
315,BatchInference,2392,17,87,Medium,RegionA,80,2406,2392,NonPreemptive,RegionE,2392.0,2393.45,78.0,True
403,BatchInference,2382,13,127,Medium,RegionD,80,2406,2382,NonPreemptive,RegionE,2382.0,2384.116666666667,22.0,True
583,BatchInference,2388,12,235,Medium,RegionA,80,2406,2388,NonPreemptive,RegionD,2388.0,2391.9166666666665,65.0,True
701,BatchInference,2397,21,105,Medium,RegionF,80,2406,2397,NonPreemptive,RegionF,2397.0,2398.75,5.0,True
1055,AITraining,2378,113,339,Low,RegionF,150,2406,2378,NonPreemptive,RegionD,2378.0,2383.65,25.0,True
1096,RealTimeInference,2389,1,290,High,RegionA,20,2394,2389,NonPreemptive,RegionA,2389.0,2393.8333333333335,5.0,True
1136,BatchInference,2390,12,182,Medium,RegionB,80,2406,2390,NonPreemptive,RegionD,2390.0,2393.0333333333333,60.0,True
1234,BatchInference,2385,9,334,Medium,RegionB,80,2406,2385,NonPreemptive,RegionE,2385.0,2390.5666666666666,74.0,True
1264,AITraining,2388,113,282,Low,RegionF,150,2406,2388,NonPreemptive,RegionD,2388.0,2392.7,25.0,True
1371,AITraining,2392,18,335,Low,RegionC,150,2406,2392,NonPreemptive,RegionD,2392.0,2397.5833333333335,58.0,True
1455,AITraining,2399,37,164,Low,RegionF,150,2406,2399,NonPreemptive,RegionE,2399.0,2401.733333333333,18.0,True
1540,AITraining,2377,98,292,Low,RegionF,150,2406,2377,NonPreemptive,RegionE,2377.0,2381.866666666667,18.0,True
1664,BatchInference,2383,14,131,Medium,RegionE,80,2406,2383,NonPreemptive,RegionE,2383.0,2385.1833333333334,5.0,True
1843,RealTimeInference,2394,1,49,High,RegionA,20,2395,2394,NonPreemptive,RegionB,2394.0,2394.8166666666666,12.0,True
2055,AITraining,2386,116,160,Low,RegionD,150,2406,2386,NonPreemptive,RegionF,2386.0,2388.6666666666665,25.0,True
2167,AITraining,2390,57,249,Low,RegionD,150,2406,2390,NonPreemptive,RegionE,2390.0,2394.15,22.0,True
2374,BatchInference,2387,7,39,Medium,RegionA,80,2406,2387,NonPreemptive,RegionD,2387.0,2387.65,65.0,True
2412,RealTimeInference,2392,2,256,High,RegionC,20,2397,2392,NonPreemptive,RegionA,2392.0,2396.266666666667,15.0,True
2473,AITraining,2398,16,350,Low,RegionC,150,2406,2398,NonPreemptive,RegionD,2398.0,2403.8333333333335,58.0,True
2508,RealTimeInference,2378,1,279,High,RegionB,20,2383,2378,NonPreemptive,RegionC,2378.0,2382.65,14.0,True
2517,AITraining,2392,30,164,Low,RegionF,150,2406,2392,NonPreemptive,RegionE,2392.0,2394.733333333333,18.0,True
2648,BatchInference,2397,19,191,Medium,RegionE,80,2406,2397,NonPreemptive,RegionD,2397.0,2400.1833333333334,22.0,True
2763,BatchInference,2379,15,225,Medium,RegionB,80,2406,2379,NonPreemptive,RegionE,2379.0,2382.75,74.0,True
3113,BatchInference,2387,15,374,Medium,RegionD,80,2406,2387,NonPreemptive,RegionE,2387.0,2393.233333333333,22.0,True
3444,RealTimeInference,2378,7,103,High,RegionA,20,2380,2378,NonPreemptive,RegionC,2378.0,2379.7166666666667,15.0,True
3455,RealTimeInference,2386,1,172,High,RegionC,20,2389,2386,NonPreemptive,RegionB,2386.0,2388.866666666667,14.0,True
3498,RealTimeInference,2376,2,71,High,RegionB,20,2378,2376,NonPreemptive,RegionB,2376.0,2377.1833333333334,5.0,True
3566,BatchInference,2392,9,54,Medium,RegionE,80,2406,2392,NonPreemptive,RegionB,2392.0,2392.9,74.0,True
3736,BatchInference,2396,19,396,Medium,RegionD,80,2406,2396,NonPreemptive,RegionD,2396.0,2402.6,5.0,True
3782,AITraining,2390,89,346,Low,RegionE,150,2406,2390,NonPreemptive,RegionE,2390.0,2395.766666666667,5.0,True
3809,AITraining,2376,32,98,Low,RegionF,150,2406,2376,NonPreemptive,RegionF,2376.0,2377.633333333333,5.0,True
3928,BatchInference,2397,4,182,Medium,RegionF,80,2406,2397,NonPreemptive,RegionF,2397.0,2400.0333333333333,5.0,True
3948,RealTimeInference,2382,1,330,High,RegionF,20,2388,2382,NonPreemptive,RegionF,2382.0,2387.5,5.0,True
4060,BatchInference,2383,8,168,Medium,RegionA,80,2406,2383,NonPreemptive,RegionD,2383.0,2385.8,65.0,True
4113,BatchInference,2391,15,252,Medium,RegionA,80,2406,2391,NonPreemptive,RegionE,2391.0,2395.2,78.0,True
4202,AITraining,2377,94,280,Low,RegionE,150,2406,2377,NonPreemptive,RegionE,2377.0,2381.6666666666665,5.0,True
4316,RealTimeInference,2377,5,262,High,RegionA,20,2382,2377,NonPreemptive,RegionC,2377.0,2381.366666666667,15.0,True
4353,AITraining,2398,21,222,Low,RegionE,150,2406,2398,NonPreemptive,RegionD,2398.0,2401.7,22.0,True
4354,RealTimeInference,2390,4,357,High,RegionC,20,2396,2390,NonPreemptive,RegionB,2390.0,2395.95,14.0,True
4418,BatchInference,2398,11,254,Medium,RegionD,80,2406,2398,NonPreemptive,RegionF,2398.0,2402.233333333333,25.0,True
4590,RealTimeInference,2382,5,207,High,RegionC,20,2386,2382,NonPreemptive,RegionB,2382.0,2385.45,14.0,True
4599,AITraining,2385,34,130,Low,RegionD,150,2406,2385,NonPreemptive,RegionF,2385.0,2387.1666666666665,25.0,True
4611,BatchInference,2393,15,123,Medium,RegionA,80,2406,2393,NonPreemptive,RegionC,2393.0,2395.05,15.0,True
4848,BatchInference,2394,17,216,Medium,RegionB,80,2406,2394,NonPreemptive,RegionB,2394.0,2397.6,5.0,True
4851,BatchInference,2390,8,230,Medium,RegionD,80,2406,2390,NonPreemptive,RegionF,2390.0,2393.8333333333335,25.0,True
4886,RealTimeInference,2398,3,200,High,RegionF,20,2402,2398,NonPreemptive,RegionF,2398.0,2401.3333333333335,5.0,True
4930,AITraining,2391,50,352,Low,RegionE,150,2406,2391,NonPreemptive,RegionE,2391.0,2396.866666666667,5.0,True
4943,RealTimeInference,2391,4,180,High,RegionC,20,2394,2391,NonPreemptive,RegionA,2391.0,2394.0,15.0,True
5138,RealTimeInference,2396,1,316,High,RegionB,20,2402,2396,NonPreemptive,RegionC,2396.0,2401.266666666667,14.0,True
5272,RealTimeInference,2398,4,261,High,RegionC,20,2403,2398,NonPreemptive,RegionC,2398.0,2402.35,5.0,True
5277,AITraining,2385,64,88,Low,RegionE,150,2406,2385,NonPreemptive,RegionE,2385.0,2386.4666666666667,5.0,True
5435,AITraining,2395,116,177,Low,RegionE,150,2406,2395,NonPreemptive,RegionD,2395.0,2397.95,22.0,True
5663,RealTimeInference,2393,6,255,High,RegionB,20,2398,2393,NonPreemptive,RegionA,2393.0,2397.25,12.0,True
5727,AITraining,2389,82,139,Low,RegionD,150,2406,2389,NonPreemptive,RegionD,2389.0,2391.3166666666666,5.0,True
5845,AITraining,2382,26,91,Low,RegionD,150,2406,2382,NonPreemptive,RegionD,2382.0,2383.516666666667,5.0,True
6052,AITraining,2380,92,297,Low,RegionF,150,2406,2380,NonPreemptive,RegionD,2380.0,2384.95,25.0,True
6232,RealTimeInference,2389,5,360,High,RegionA,20,2395,2389,NonPreemptive,RegionA,2389.0,2395.0,5.0,True
6235,RealTimeInference,2392,1,104,High,RegionB,20,2394,2392,NonPreemptive,RegionA,2392.0,2393.733333333333,12.0,True
6323,BatchInference,2388,5,142,Medium,RegionA,80,2406,2388,NonPreemptive,RegionE,2388.0,2390.366666666667,78.0,True
6392,BatchInference,2397,5,287,Medium,RegionD,80,2406,2397,NonPreemptive,RegionD,2397.0,2401.7833333333333,5.0,True
6423,RealTimeInference,2377,7,263,High,RegionA,20,2382,2377,NonPreemptive,RegionC,2377.0,2381.383333333333,15.0,True
6438,AITraining,2394,98,297,Low,RegionE,150,2406,2394,NonPreemptive,RegionA,2394.0,2398.95,78.0,True
6481,RealTimeInference,2377,6,387,High,RegionA,20,2384,2377,NonPreemptive,RegionC,2377.0,2383.45,15.0,True
6507,AITraining,2378,17,321,Low,RegionC,150,2406,2378,NonPreemptive,RegionD,2378.0,2383.35,58.0,True
6508,BatchInference,2394,23,299,Medium,RegionB,80,2406,2394,NonPreemptive,RegionF,2394.0,2398.983333333333,79.0,True
6767,AITraining,2395,29,42,Low,RegionF,150,2406,2395,NonPreemptive,RegionF,2395.0,2395.7,5.0,True
6876,AITraining,2391,52,390,Low,RegionD,150,2406,2391,NonPreemptive,RegionD,2391.0,2397.5,5.0,True
7165,RealTimeInference,2397,5,278,High,RegionB,20,2402,2397,NonPreemptive,RegionC,2397.0,2401.633333333333,14.0,True
7372,AITraining,2395,104,246,Low,RegionF,150,2406,2395,NonPreemptive,RegionE,2395.0,2399.1,18.0,True
7403,BatchInference,2376,10,374,Medium,RegionD,80,2406,2376,NonPreemptive,RegionF,2376.0,2382.233333333333,25.0,True
7484,RealTimeInference,2393,3,237,High,RegionA,20,2397,2393,NonPreemptive,RegionB,2393.0,2396.95,12.0,True
7530,RealTimeInference,2398,5,70,High,RegionA,20,2400,2398,NonPreemptive,RegionB,2398.0,2399.1666666666665,12.0,True
7542,RealTimeInference,2382,7,41,High,RegionD,20,2383,2382,NonPreemptive,RegionD,2382.0,2382.6833333333334,5.0,True
7857,AITraining,2399,115,77,Low,RegionF,150,2406,2399,NonPreemptive,RegionF,2399.0,2400.2833333333333,5.0,True
7874,BatchInference,2396,21,27,Medium,RegionC,80,2406,2396,NonPreemptive,RegionB,2396.0,2396.45,14.0,True
7890,RealTimeInference,2399,4,265,High,RegionE,20,2404,2399,NonPreemptive,RegionF,2399.0,2403.4166666666665,18.0,True
7902,BatchInference,2376,11,26,Medium,RegionE,80,2406,2376,NonPreemptive,RegionD,2376.0,2376.4333333333334,22.0,True
7973,AITraining,2379,70,67,Low,RegionE,150,2406,2379,NonPreemptive,RegionD,2379.0,2380.116666666667,22.0,True
8294,BatchInference,2395,8,62,Medium,RegionC,80,2406,2395,NonPreemptive,RegionE,2395.0,2396.0333333333333,70.0,True
8353,RealTimeInference,2386,5,75,High,RegionB,20,2388,2386,NonPreemptive,RegionB,2386.0,2387.25,5.0,True
8745,BatchInference,2398,21,126,Medium,RegionB,80,2406,2398,NonPreemptive,RegionF,2398.0,2400.1,79.0,True
8760,AITraining,2390,44,275,Low,RegionE,150,2406,2390,NonPreemptive,RegionE,2390.0,2394.5833333333335,5.0,True
8915,AITraining,2392,97,49,Low,RegionD,150,2406,2392,NonPreemptive,RegionB,2392.0,2392.8166666666666,60.0,True
8972,RealTimeInference,2398,2,246,High,RegionD,20,2403,2398,NonPreemptive,RegionD,2398.0,2402.1,5.0,True
9168,RealTimeInference,2387,3,141,High,RegionC,20,2390,2387,NonPreemptive,RegionB,2387.0,2389.35,14.0,True
9267,BatchInference,2376,7,22,Medium,RegionE,80,2406,2376,NonPreemptive,RegionE,2376.0,2376.366666666667,5.0,True
9415,AITraining,2376,119,88,Low,RegionD,150,2406,2376,NonPreemptive,RegionD,2376.0,2377.4666666666667,5.0,True
9535,AITraining,2387,58,338,Low,RegionE,150,2406,2387,NonPreemptive,RegionF,2387.0,2392.633333333333,18.0,True
9572,AITraining,2398,123,364,Low,RegionD,150,2406,2398,NonPreemptive,RegionD,2398.0,2404.0666666666666,5.0,True
9585,RealTimeInference,2381,7,122,High,RegionB,20,2384,2381,NonPreemptive,RegionB,2381.0,2383.0333333333333,5.0,True
9591,AITraining,2378,27,191,Low,RegionD,150,2406,2378,NonPreemptive,RegionF,2378.0,2381.1833333333334,25.0,True
9621,RealTimeInference,2399,6,80,High,RegionC,20,2401,2399,NonPreemptive,RegionB,2399.0,2400.3333333333335,14.0,True
9845,AITraining,2379,102,55,Low,RegionF,150,2406,2379,NonPreemptive,RegionE,2379.0,2379.9166666666665,18.0,True
9850,BatchInference,2387,13,344,Medium,RegionE,80,2406,2387,NonPreemptive,RegionE,2387.0,2392.733333333333,5.0,True
9936,RealTimeInference,2385,5,91,High,RegionC,20,2387,2385,NonPreemptive,RegionB,2385.0,2386.516666666667,14.0,True
10184,BatchInference,2390,15,167,Medium,RegionD,80,2406,2390,NonPreemptive,RegionE,2390.0,2392.7833333333333,22.0,True
10275,AITraining,2386,38,125,Low,RegionE,150,2406,2386,NonPreemptive,RegionF,2386.0,2388.0833333333335,18.0,True
10284,BatchInference,2396,14,137,Medium,RegionF,80,2406,2396,NonPreemptive,RegionE,2396.0,2398.2833333333333,18.0,True
10306,AITraining,2384,68,272,Low,RegionD,150,2406,2384,NonPreemptive,RegionD,2384.0,2388.5333333333333,5.0,True
10407,RealTimeInference,2389,7,142,High,RegionC,20,2392,2389,NonPreemptive,RegionA,2389.0,2391.366666666667,15.0,True
10504,BatchInference,2396,4,69,Medium,RegionC,80,2406,2396,NonPreemptive,RegionB,2396.0,2397.15,14.0,True
10622,BatchInference,2379,23,334,Medium,RegionC,80,2406,2379,NonPreemptive,RegionF,2379.0,2384.5666666666666,76.0,True
10704,AITraining,2382,110,65,Low,RegionF,150,2406,2382,NonPreemptive,RegionF,2382.0,2383.0833333333335,5.0,True
11216,BatchInference,2379,20,307,Medium,RegionA,80,2406,2379,NonPreemptive,RegionE,2379.0,2384.116666666667,78.0,True
11304,AITraining,2383,112,70,Low,RegionD,150,2406,2383,NonPreemptive,RegionE,2383.0,2384.1666666666665,22.0,True
11351,BatchInference,2394,16,261,Medium,RegionD,80,2406,2394,NonPreemptive,RegionE,2394.0,2398.35,22.0,True
11360,RealTimeInference,2384,3,394,High,RegionE,20,2391,2384,NonPreemptive,RegionE,2384.0,2390.5666666666666,5.0,True
11383,BatchInference,2380,22,111,Medium,RegionC,80,2406,2380,NonPreemptive,RegionF,2380.0,2381.85,76.0,True
11780,BatchInference,2398,21,35,Medium,RegionF,80,2406,2398,NonPreemptive,RegionE,2398.0,2398.5833333333335,18.0,True
11834,BatchInference,2386,19,352,Medium,RegionB,80,2406,2386,NonPreemptive,RegionD,2386.0,2391.866666666667,60.0,True
11877,RealTimeInference,2382,7,83,High,RegionC,20,2384,2382,NonPreemptive,RegionC,2382.0,2383.383333333333,5.0,True
11961,AITraining,2376,111,246,Low,RegionE,150,2406,2376,NonPreemptive,RegionD,2376.0,2380.1,22.0,True
11993,BatchInference,2382,15,236,Medium,RegionC,80,2406,2382,NonPreemptive,RegionF,2382.0,2385.9333333333334,76.0,True
12025,RealTimeInference,2387,2,39,High,RegionA,20,2388,2387,NonPreemptive,RegionA,2387.0,2387.65,5.0,True
12181,AITraining,2381,68,142,Low,RegionC,150,2406,2381,NonPreemptive,RegionE,2381.0,2383.366666666667,70.0,True
12184,BatchInference,2393,5,15,Medium,RegionD,80,2406,2393,NonPreemptive,RegionB,2393.0,2393.25,60.0,True
12397,AITraining,2391,101,37,Low,RegionA,150,2406,2391,NonPreemptive,RegionA,2391.0,2391.616666666667,5.0,True
12431,BatchInference,2396,17,197,Medium,RegionB,80,2406,2396,NonPreemptive,RegionF,2396.0,2399.2833333333333,79.0,True
12444,RealTimeInference,2394,1,269,High,RegionA,20,2399,2394,NonPreemptive,RegionA,2394.0,2398.483333333333,5.0,True
12481,RealTimeInference,2395,5,175,High,RegionC,20,2398,2395,NonPreemptive,RegionA,2395.0,2397.9166666666665,15.0,True
12755,AITraining,2383,51,183,Low,RegionE,150,2406,2383,NonPreemptive,RegionE,2383.0,2386.05,5.0,True
12791,BatchInference,2383,4,52,Medium,RegionA,80,2406,2383,NonPreemptive,RegionD,2383.0,2383.866666666667,65.0,True
13174,RealTimeInference,2394,6,10,High,RegionB,20,2395,2394,NonPreemptive,RegionB,2394.0,2394.1666666666665,5.0,True
13251,RealTimeInference,2395,6,47,High,RegionA,20,2396,2395,NonPreemptive,RegionB,2395.0,2395.7833333333333,12.0,True
13331,RealTimeInference,2383,1,49,High,RegionB,20,2384,2383,NonPreemptive,RegionC,2383.0,2383.8166666666666,14.0,True
13376,AITraining,2394,53,143,Low,RegionD,150,2406,2394,NonPreemptive,RegionB,2394.0,2396.383333333333,60.0,True
13381,RealTimeInference,2398,6,125,High,RegionA,20,2401,2398,NonPreemptive,RegionB,2398.0,2400.0833333333335,12.0,True
13505,RealTimeInference,2382,6,257,High,RegionE,20,2387,2382,NonPreemptive,RegionF,2382.0,2386.2833333333333,18.0,True
13587,AITraining,2381,23,392,Low,RegionD,150,2406,2381,NonPreemptive,RegionD,2381.0,2387.5333333333333,5.0,True
13747,AITraining,2389,41,396,Low,RegionF,150,2406,2389,NonPreemptive,RegionE,2389.0,2395.6,18.0,True
13836,AITraining,2391,40,384,Low,RegionD,150,2406,2391,NonPreemptive,RegionE,2391.0,2397.4,22.0,True
14305,RealTimeInference,2391,2,280,High,RegionD,20,2396,2391,NonPreemptive,RegionD,2391.0,2395.6666666666665,5.0,True
14327,BatchInference,2394,21,333,Medium,RegionB,80,2406,2394,NonPreemptive,RegionF,2394.0,2399.55,79.0,True
14405,BatchInference,2379,18,155,Medium,RegionA,80,2406,2379,NonPreemptive,RegionD,2379.0,2381.5833333333335,65.0,True
14419,AITraining,2379,104,386,Low,RegionD,150,2406,2379,NonPreemptive,RegionD,2379.0,2385.4333333333334,5.0,True
14578,AITraining,2396,31,375,Low,RegionE,150,2406,2396,NonPreemptive,RegionD,2396.0,2402.25,22.0,True
14619,AITraining,2394,117,397,Low,RegionF,150,2406,2394,NonPreemptive,RegionF,2394.0,2400.616666666667,5.0,True
14622,BatchInference,2386,23,220,Medium,RegionB,80,2406,2386,NonPreemptive,RegionD,2386.0,2389.6666666666665,60.0,True
14647,BatchInference,2376,11,74,Medium,RegionA,80,2406,2376,NonPreemptive,RegionD,2376.0,2377.233333333333,65.0,True
14669,RealTimeInference,2385,6,277,High,RegionB,20,2390,2385,NonPreemptive,RegionB,2385.0,2389.616666666667,5.0,True
14749,AITraining,2389,97,189,Low,RegionE,150,2406,2389,NonPreemptive,RegionD,2389.0,2392.15,22.0,True
14772,BatchInference,2382,12,307,Medium,RegionA,80,2406,2382,NonPreemptive,RegionD,2382.0,2387.116666666667,65.0,True
14780,AITraining,2377,32,269,Low,RegionD,150,2406,2377,NonPreemptive,RegionD,2377.0,2381.483333333333,5.0,True
14844,AITraining,2396,51,249,Low,RegionB,150,2406,2396,NonPreemptive,RegionE,2396.0,2400.15,74.0,True
14868,AITraining,2396,22,387,Low,RegionF,150,2406,2396,NonPreemptive,RegionD,2396.0,2402.45,25.0,True
15175,RealTimeInference,2396,6,175,High,RegionB,20,2399,2396,NonPreemptive,RegionA,2396.0,2398.9166666666665,12.0,True
15185,RealTimeInference,2382,1,53,High,RegionA,20,2383,2382,NonPreemptive,RegionC,2382.0,2382.883333333333,15.0,True
15242,BatchInference,2399,7,243,Medium,RegionE,80,2406,2399,NonPreemptive,RegionD,2399.0,2403.05,22.0,True
15675,AITraining,2390,87,179,Low,RegionF,150,2406,2390,NonPreemptive,RegionE,2390.0,2392.983333333333,18.0,True
15694,AITraining,2386,63,172,Low,RegionE,150,2406,2386,NonPreemptive,RegionE,2386.0,2388.866666666667,5.0,True
15916,AITraining,2397,81,203,Low,RegionE,150,2406,2397,NonPreemptive,RegionE,2397.0,2400.383333333333,5.0,True
15921,AITraining,2394,127,235,Low,RegionD,150,2406,2394,NonPreemptive,RegionD,2394.0,2397.9166666666665,5.0,True
16024,RealTimeInference,2392,1,201,High,RegionF,20,2396,2392,NonPreemptive,RegionE,2392.0,2395.35,18.0,True
16041,RealTimeInference,2394,5,55,High,RegionB,20,2395,2394,NonPreemptive,RegionB,2394.0,2394.9166666666665,5.0,True
16109,BatchInference,2389,7,175,Medium,RegionF,80,2406,2389,NonPreemptive,RegionD,2389.0,2391.9166666666665,25.0,True
16116,BatchInference,2382,7,320,Medium,RegionA,80,2406,2382,NonPreemptive,RegionD,2382.0,2387.3333333333335,65.0,True
16146,AITraining,2378,60,18,Low,RegionE,150,2406,2378,NonPreemptive,RegionD,2378.0,2378.3,22.0,True
16274,BatchInference,2388,21,363,Medium,RegionA,80,2406,2388,NonPreemptive,RegionE,2388.0,2394.05,78.0,True
16345,BatchInference,2393,9,194,Medium,RegionF,80,2406,2393,NonPreemptive,RegionD,2393.0,2396.233333333333,25.0,True
16494,BatchInference,2395,22,161,Medium,RegionD,80,2406,2395,NonPreemptive,RegionE,2395.0,2397.6833333333334,22.0,True
16513,AITraining,2390,107,350,Low,RegionE,150,2406,2390,NonPreemptive,RegionD,2390.0,2395.8333333333335,22.0,True
16699,AITraining,2393,127,102,Low,RegionF,150,2406,2393,NonPreemptive,RegionF,2393.0,2394.7,5.0,True
16844,RealTimeInference,2399,1,51,High,RegionF,20,2400,2399,NonPreemptive,RegionF,2399.0,2399.85,5.0,True
16950,RealTimeInference,2384,6,152,High,RegionA,20,2387,2384,NonPreemptive,RegionB,2384.0,2386.5333333333333,12.0,True
17044,BatchInference,2389,6,36,Medium,RegionC,80,2406,2389,NonPreemptive,RegionE,2389.0,2389.6,70.0,True
17052,RealTimeInference,2398,2,33,High,RegionC,20,2399,2398,NonPreemptive,RegionA,2398.0,2398.55,15.0,True
17181,AITraining,2387,82,102,Low,RegionD,150,2406,2387,NonPreemptive,RegionE,2387.0,2388.7,22.0,True
17233,AITraining,2390,122,228,Low,RegionD,150,2406,2390,NonPreemptive,RegionF,2390.0,2393.8,25.0,True
17421,BatchInference,2398,15,141,Medium,RegionF,80,2406,2398,NonPreemptive,RegionD,2398.0,2400.35,25.0,True
17466,BatchInference,2380,20,231,Medium,RegionE,80,2406,2380,NonPreemptive,RegionD,2380.0,2383.85,22.0,True
17673,AITraining,2392,124,397,Low,RegionD,150,2406,2392,NonPreemptive,RegionA,2392.0,2398.616666666667,65.0,True
17820,RealTimeInference,2376,1,75,High,RegionC,20,2378,2376,NonPreemptive,RegionB,2376.0,2377.25,14.0,True
17864,AITraining,2378,120,102,Low,RegionD,150,2406,2378,NonPreemptive,RegionF,2378.0,2379.7,25.0,True
17898,AITraining,2391,78,159,Low,RegionE,150,2406,2391,NonPreemptive,RegionF,2391.0,2393.65,18.0,True
17938,BatchInference,2398,23,256,Medium,RegionE,80,2406,2398,NonPreemptive,RegionD,2398.0,2402.266666666667,22.0,True
17991,AITraining,2388,26,136,Low,RegionF,150,2406,2388,NonPreemptive,RegionD,2388.0,2390.266666666667,25.0,True
18061,BatchInference,2388,9,304,Medium,RegionC,80,2406,2388,NonPreemptive,RegionD,2388.0,2393.0666666666666,58.0,True
18201,BatchInference,2376,16,40,Medium,RegionE,80,2406,2376,NonPreemptive,RegionD,2376.0,2376.6666666666665,22.0,True
18325,AITraining,2385,58,207,Low,RegionF,150,2406,2385,NonPreemptive,RegionF,2385.0,2388.45,5.0,True
18367,BatchInference,2391,19,346,Medium,RegionA,80,2406,2391,NonPreemptive,RegionE,2391.0,2396.766666666667,78.0,True
18394,RealTimeInference,2396,3,326,High,RegionA,20,2402,2396,NonPreemptive,RegionC,2396.0,2401.4333333333334,15.0,True
18427,BatchInference,2378,18,267,Medium,RegionB,80,2406,2378,NonPreemptive,RegionD,2378.0,2382.45,60.0,True
18687,RealTimeInference,2391,5,87,High,RegionE,20,2393,2391,NonPreemptive,RegionE,2391.0,2392.45,5.0,True
18713,AITraining,2380,38,65,Low,RegionF,150,2406,2380,NonPreemptive,RegionE,2380.0,2381.0833333333335,18.0,True
18720,AITraining,2381,120,52,Low,RegionF,150,2406,2381,NonPreemptive,RegionE,2381.0,2381.866666666667,18.0,True
18826,BatchInference,2392,17,272,Medium,RegionA,80,2406,2392,NonPreemptive,RegionE,2392.0,2396.5333333333333,78.0,True
18847,BatchInference,2391,8,271,Medium,RegionB,80,2406,2391,NonPreemptive,RegionF,2391.0,2395.516666666667,79.0,True
18869,BatchInference,2386,7,266,Medium,RegionD,80,2406,2386,NonPreemptive,RegionE,2386.0,2390.4333333333334,22.0,True
18905,BatchInference,2381,12,251,Medium,RegionA,80,2406,2381,NonPreemptive,RegionE,2381.0,2385.1833333333334,78.0,True
19172,RealTimeInference,2398,6,199,High,RegionC,20,2402,2398,NonPreemptive,RegionC,2398.0,2401.3166666666666,5.0,True
19264,RealTimeInference,2386,4,200,High,RegionD,20,2390,2386,NonPreemptive,RegionD,2386.0,2389.3333333333335,5.0,True
19289,AITraining,2398,121,361,Low,RegionE,150,2406,2398,NonPreemptive,RegionD,2398.0,2404.016666666667,22.0,True
19387,AITraining,2392,104,226,Low,RegionE,150,2406,2392,NonPreemptive,RegionD,2392.0,2395.766666666667,22.0,True
19440,BatchInference,2382,23,124,Medium,RegionE,80,2406,2382,NonPreemptive,RegionD,2382.0,2384.0666666666666,22.0,True
19584,AITraining,2387,43,349,Low,RegionE,150,2406,2387,NonPreemptive,RegionD,2387.0,2392.8166666666666,22.0,True
19682,BatchInference,2390,11,314,Medium,RegionD,80,2406,2390,NonPreemptive,RegionF,2390.0,2395.233333333333,25.0,True
19684,BatchInference,2378,9,121,Medium,RegionF,80,2406,2378,NonPreemptive,RegionD,2378.0,2380.016666666667,25.0,True
19693,RealTimeInference,2386,4,72,High,RegionA,20,2388,2386,NonPreemptive,RegionB,2386.0,2387.2,12.0,True
20139,AITraining,2381,71,205,Low,RegionD,150,2406,2381,NonPreemptive,RegionD,2381.0,2384.4166666666665,5.0,True
20312,BatchInference,2396,16,248,Medium,RegionD,80,2406,2396,NonPreemptive,RegionF,2396.0,2400.133333333333,25.0,True
20392,AITraining,2377,110,335,Low,RegionF,150,2406,2377,NonPreemptive,RegionF,2377.0,2382.5833333333335,5.0,True
20403,BatchInference,2388,14,239,Medium,RegionD,80,2406,2388,NonPreemptive,RegionD,2388.0,2391.983333333333,5.0,True
20632,BatchInference,2386,14,184,Medium,RegionC,80,2406,2386,NonPreemptive,RegionE,2386.0,2389.0666666666666,70.0,True
20799,BatchInference,2397,14,204,Medium,RegionF,80,2406,2397,NonPreemptive,RegionE,2397.0,2400.4,18.0,True
20964,AITraining,2380,112,210,Low,RegionB,150,2406,2380,NonPreemptive,RegionF,2380.0,2383.5,79.0,True
20965,RealTimeInference,2377,2,158,High,RegionA,20,2380,2377,NonPreemptive,RegionC,2377.0,2379.633333333333,15.0,True
21103,RealTimeInference,2383,7,108,High,RegionA,20,2385,2383,NonPreemptive,RegionB,2383.0,2384.8,12.0,True
21242,RealTimeInference,2390,1,66,High,RegionB,20,2392,2390,NonPreemptive,RegionB,2390.0,2391.1,5.0,True
21356,AITraining,2388,125,308,Low,RegionF,150,2406,2388,NonPreemptive,RegionF,2388.0,2393.133333333333,5.0,True
21384,AITraining,2377,110,218,Low,RegionC,150,2406,2377,NonPreemptive,RegionD,2377.0,2380.633333333333,58.0,True
21400,RealTimeInference,2399,1,101,High,RegionB,20,2401,2399,NonPreemptive,RegionB,2399.0,2400.6833333333334,5.0,True
21428,RealTimeInference,2387,5,142,High,RegionC,20,2390,2387,NonPreemptive,RegionB,2387.0,2389.366666666667,14.0,True
21451,AITraining,2394,34,253,Low,RegionD,150,2406,2394,NonPreemptive,RegionE,2394.0,2398.2166666666667,22.0,True
21730,AITraining,2397,49,289,Low,RegionF,150,2406,2397,NonPreemptive,RegionF,2397.0,2401.8166666666666,5.0,True
21792,RealTimeInference,2392,4,316,High,RegionA,20,2398,2392,NonPreemptive,RegionA,2392.0,2397.266666666667,5.0,True
21837,AITraining,2388,59,256,Low,RegionD,150,2406,2388,NonPreemptive,RegionD,2388.0,2392.266666666667,5.0,True
21897,RealTimeInference,2393,3,92,High,RegionA,20,2395,2393,NonPreemptive,RegionB,2393.0,2394.5333333333333,12.0,True
22136,BatchInference,2398,7,79,Medium,RegionE,80,2406,2398,NonPreemptive,RegionF,2398.0,2399.3166666666666,18.0,True
22175,AITraining,2383,112,391,Low,RegionE,150,2406,2383,NonPreemptive,RegionD,2383.0,2389.516666666667,22.0,True
22360,RealTimeInference,2398,6,11,High,RegionD,20,2399,2398,NonPreemptive,RegionD,2398.0,2398.1833333333334,5.0,True
22462,BatchInference,2381,23,138,Medium,RegionC,80,2406,2381,NonPreemptive,RegionD,2381.0,2383.3,58.0,True
22576,AITraining,2395,16,185,Low,RegionF,150,2406,2395,NonPreemptive,RegionE,2395.0,2398.0833333333335,18.0,True
22636,RealTimeInference,2377,2,250,High,RegionF,20,2382,2377,NonPreemptive,RegionF,2377.0,2381.1666666666665,5.0,True
22705,AITraining,2385,80,135,Low,RegionE,150,2406,2385,NonPreemptive,RegionF,2385.0,2387.25,18.0,True
22706,RealTimeInference,2391,2,45,High,RegionC,20,2392,2391,NonPreemptive,RegionA,2391.0,2391.75,15.0,True
22852,AITraining,2386,62,345,Low,RegionF,150,2406,2386,NonPreemptive,RegionD,2386.0,2391.75,25.0,True
22871,BatchInference,2381,7,229,Medium,RegionE,80,2406,2381,NonPreemptive,RegionF,2381.0,2384.8166666666666,18.0,True
22890,RealTimeInference,2384,3,108,High,RegionC,20,2386,2384,NonPreemptive,RegionB,2384.0,2385.8,14.0,True
22926,BatchInference,2377,19,208,Medium,RegionA,80,2406,2377,NonPreemptive,RegionD,2377.0,2380.4666666666667,65.0,True
22937,AITraining,2386,52,137,Low,RegionF,150,2406,2386,NonPreemptive,RegionD,2386.0,2388.2833333333333,25.0,True
23146,RealTimeInference,2387,3,333,High,RegionC,20,2393,2387,NonPreemptive,RegionA,2387.0,2392.55,15.0,True
23364,RealTimeInference,2392,5,115,High,RegionE,20,2394,2392,NonPreemptive,RegionF,2392.0,2393.9166666666665,18.0,True
23381,BatchInference,2394,15,240,Medium,RegionD,80,2406,2394,NonPreemptive,RegionD,2394.0,2398.0,5.0,True
23421,AITraining,2398,19,264,Low,RegionE,150,2406,2398,NonPreemptive,RegionD,2398.0,2402.4,22.0,True
23424,RealTimeInference,2379,5,397,High,RegionA,20,2386,2379,NonPreemptive,RegionB,2379.0,2385.616666666667,12.0,True
23479,AITraining,2377,113,131,Low,RegionD,150,2406,2377,NonPreemptive,RegionE,2377.0,2379.1833333333334,22.0,True
23514,AITraining,2385,76,231,Low,RegionF,150,2406,2385,NonPreemptive,RegionE,2385.0,2388.85,18.0,True
23544,RealTimeInference,2393,1,135,High,RegionB,20,2396,2393,NonPreemptive,RegionB,2393.0,2395.25,5.0,True
23667,BatchInference,2386,15,313,Medium,RegionA,80,2406,2386,NonPreemptive,RegionE,2386.0,2391.2166666666667,78.0,True
23682,RealTimeInference,2396,7,277,High,RegionB,20,2401,2396,NonPreemptive,RegionB,2396.0,2400.616666666667,5.0,True
23708,RealTimeInference,2387,7,100,High,RegionB,20,2389,2387,NonPreemptive,RegionA,2387.0,2388.6666666666665,12.0,True
23890,RealTimeInference,2385,5,287,High,RegionA,20,2390,2385,NonPreemptive,RegionB,2385.0,2389.7833333333333,12.0,True
23936,AITraining,2389,127,230,Low,RegionD,150,2406,2389,NonPreemptive,RegionF,2389.0,2392.8333333333335,25.0,True
24073,AITraining,2395,110,92,Low,RegionB,150,2406,2395,NonPreemptive,RegionF,2395.0,2396.5333333333333,79.0,True
24255,BatchInference,2397,20,126,Medium,RegionE,80,2406,2397,NonPreemptive,RegionE,2397.0,2399.1,5.0,True
24477,BatchInference,2393,16,68,Medium,RegionD,80,2406,2393,NonPreemptive,RegionC,2393.0,2394.133333333333,58.0,True
24568,RealTimeInference,2378,4,145,High,RegionB,20,2381,2378,NonPreemptive,RegionC,2378.0,2380.4166666666665,14.0,True
24572,BatchInference,2390,9,303,Medium,RegionA,80,2406,2390,NonPreemptive,RegionE,2390.0,2395.05,78.0,True
24641,BatchInference,2383,12,84,Medium,RegionD,80,2406,2383,NonPreemptive,RegionF,2383.0,2384.4,25.0,True
24714,RealTimeInference,2380,5,325,High,RegionC,20,2386,2380,NonPreemptive,RegionB,2380.0,2385.4166666666665,14.0,True
24748,RealTimeInference,2384,1,187,High,RegionE,20,2388,2384,NonPreemptive,RegionE,2384.0,2387.116666666667,5.0,True
24774,BatchInference,2380,16,104,Medium,RegionF,80,2406,2380,NonPreemptive,RegionF,2380.0,2381.733333333333,5.0,True
24949,BatchInference,2386,16,61,Medium,RegionD,80,2406,2386,NonPreemptive,RegionF,2386.0,2387.016666666667,25.0,True
24995,BatchInference,2396,10,63,Medium,RegionD,80,2406,2396,NonPreemptive,RegionB,2396.0,2397.05,60.0,True
25000,RealTimeInference,2387,6,99,High,RegionB,20,2389,2387,NonPreemptive,RegionA,2387.0,2388.65,12.0,True
25215,RealTimeInference,2391,5,206,High,RegionA,20,2395,2391,NonPreemptive,RegionA,2391.0,2394.4333333333334,5.0,True
25467,RealTimeInference,2385,6,172,High,RegionB,20,2388,2385,NonPreemptive,RegionB,2385.0,2387.866666666667,5.0,True
25631,BatchInference,2392,18,283,Medium,RegionD,80,2406,2392,NonPreemptive,RegionF,2392.0,2396.7166666666667,25.0,True
25757,BatchInference,2377,17,322,Medium,RegionE,80,2406,2377,NonPreemptive,RegionE,2377.0,2382.366666666667,5.0,True
25763,AITraining,2391,114,290,Low,RegionE,150,2406,2391,NonPreemptive,RegionD,2391.0,2395.8333333333335,22.0,True
25795,AITraining,2390,46,103,Low,RegionE,150,2406,2390,NonPreemptive,RegionB,2390.0,2391.7166666666667,74.0,True
25839,RealTimeInference,2378,1,329,High,RegionA,20,2384,2378,NonPreemptive,RegionC,2378.0,2383.483333333333,15.0,True
26136,AITraining,2390,120,52,Low,RegionE,150,2406,2390,NonPreemptive,RegionF,2390.0,2390.866666666667,18.0,True
26377,BatchInference,2376,17,386,Medium,RegionB,80,2406,2376,NonPreemptive,RegionD,2376.0,2382.4333333333334,60.0,True
26569,RealTimeInference,2384,5,66,High,RegionB,20,2386,2384,NonPreemptive,RegionB,2384.0,2385.1,5.0,True
26584,AITraining,2380,125,64,Low,RegionF,150,2406,2380,NonPreemptive,RegionD,2380.0,2381.0666666666666,25.0,True
26590,AITraining,2385,27,295,Low,RegionF,150,2406,2385,NonPreemptive,RegionD,2385.0,2389.9166666666665,25.0,True
26779,RealTimeInference,2384,2,105,High,RegionB,20,2386,2384,NonPreemptive,RegionB,2384.0,2385.75,5.0,True
26783,BatchInference,2377,16,138,Medium,RegionA,80,2406,2377,NonPreemptive,RegionE,2377.0,2379.3,78.0,True
26788,BatchInference,2386,12,317,Medium,RegionF,80,2406,2386,NonPreemptive,RegionE,2386.0,2391.2833333333333,18.0,True
26836,RealTimeInference,2396,7,272,High,RegionA,20,2401,2396,NonPreemptive,RegionB,2396.0,2400.5333333333333,12.0,True
27016,BatchInference,2378,23,71,Medium,RegionD,80,2406,2378,NonPreemptive,RegionE,2378.0,2379.1833333333334,22.0,True
27109,AITraining,2384,99,300,Low,RegionF,150,2406,2384,NonPreemptive,RegionD,2384.0,2389.0,25.0,True
27293,AITraining,2388,50,320,Low,RegionF,150,2406,2388,NonPreemptive,RegionD,2388.0,2393.3333333333335,25.0,True
27301,BatchInference,2392,5,192,Medium,RegionA,80,2406,2392,NonPreemptive,RegionE,2392.0,2395.2,78.0,True
27485,RealTimeInference,2393,5,146,High,RegionA,20,2396,2393,NonPreemptive,RegionB,2393.0,2395.4333333333334,12.0,True
27509,AITraining,2377,113,391,Low,RegionF,150,2406,2377,NonPreemptive,RegionD,2377.0,2383.516666666667,25.0,True
27547,BatchInference,2397,17,58,Medium,RegionD,80,2406,2397,NonPreemptive,RegionD,2397.0,2397.9666666666667,5.0,True
27636,RealTimeInference,2388,7,254,High,RegionA,20,2393,2388,NonPreemptive,RegionB,2388.0,2392.233333333333,12.0,True
27637,AITraining,2391,50,31,Low,RegionD,150,2406,2391,NonPreemptive,RegionA,2391.0,2391.516666666667,65.0,True
27713,AITraining,2387,87,92,Low,RegionF,150,2406,2387,NonPreemptive,RegionE,2387.0,2388.5333333333333,18.0,True
27964,AITraining,2396,25,385,Low,RegionD,150,2406,2396,NonPreemptive,RegionD,2396.0,2402.4166666666665,5.0,True
28123,AITraining,2385,30,187,Low,RegionD,150,2406,2385,NonPreemptive,RegionE,2385.0,2388.116666666667,22.0,True
28161,BatchInference,2381,4,253,Medium,RegionB,80,2406,2381,NonPreemptive,RegionF,2381.0,2385.2166666666667,79.0,True
28165,BatchInference,2387,13,25,Medium,RegionE,80,2406,2387,NonPreemptive,RegionF,2387.0,2387.4166666666665,18.0,True
28388,AITraining,2385,85,288,Low,RegionF,150,2406,2385,NonPreemptive,RegionE,2385.0,2389.8,18.0,True
28488,BatchInference,2392,14,39,Medium,RegionA,80,2406,2392,NonPreemptive,RegionC,2392.0,2392.65,15.0,True
28656,RealTimeInference,2396,4,80,High,RegionC,20,2398,2396,NonPreemptive,RegionA,2396.0,2397.3333333333335,15.0,True
28664,AITraining,2393,96,375,Low,RegionF,150,2406,2393,NonPreemptive,RegionF,2393.0,2399.25,5.0,True
28667,RealTimeInference,2380,6,72,High,RegionB,20,2382,2380,NonPreemptive,RegionB,2380.0,2381.2,5.0,True
28692,RealTimeInference,2388,3,258,High,RegionA,20,2393,2388,NonPreemptive,RegionB,2388.0,2392.3,12.0,True
28753,AITraining,2396,74,105,Low,RegionE,150,2406,2396,NonPreemptive,RegionD,2396.0,2397.75,22.0,True
28923,BatchInference,2392,14,111,Medium,RegionC,80,2406,2392,NonPreemptive,RegionF,2392.0,2393.85,76.0,True
28952,RealTimeInference,2387,7,123,High,RegionC,20,2390,2387,NonPreemptive,RegionA,2387.0,2389.05,15.0,True
29239,RealTimeInference,2386,2,241,High,RegionB,20,2391,2386,NonPreemptive,RegionB,2386.0,2390.016666666667,5.0,True
29306,BatchInference,2387,20,36,Medium,RegionE,80,2406,2387,NonPreemptive,RegionF,2387.0,2387.6,18.0,True
29364,AITraining,2390,111,77,Low,RegionE,150,2406,2390,NonPreemptive,RegionB,2390.0,2391.2833333333333,74.0,True
29402,BatchInference,2384,17,188,Medium,RegionC,80,2406,2384,NonPreemptive,RegionF,2384.0,2387.133333333333,76.0,True
29425,AITraining,2378,98,233,Low,RegionF,150,2406,2378,NonPreemptive,RegionF,2378.0,2381.883333333333,5.0,True
29589,RealTimeInference,2377,5,61,High,RegionE,20,2379,2377,NonPreemptive,RegionE,2377.0,2378.016666666667,5.0,True
29651,RealTimeInference,2382,7,284,High,RegionB,20,2387,2382,NonPreemptive,RegionB,2382.0,2386.733333333333,5.0,True
29758,RealTimeInference,2380,7,369,High,RegionC,20,2387,2380,NonPreemptive,RegionB,2380.0,2386.15,14.0,True
29773,RealTimeInference,2387,6,107,High,RegionA,20,2389,2387,NonPreemptive,RegionB,2387.0,2388.7833333333333,12.0,True
29779,BatchInference,2376,17,336,Medium,RegionF,80,2406,2376,NonPreemptive,RegionF,2376.0,2381.6,5.0,True
29785,BatchInference,2377,17,332,Medium,RegionE,80,2406,2377,NonPreemptive,RegionD,2377.0,2382.5333333333333,22.0,True
29787,BatchInference,2397,7,250,Medium,RegionA,80,2406,2397,NonPreemptive,RegionD,2397.0,2401.1666666666665,65.0,True
30199,BatchInference,2390,15,374,Medium,RegionF,80,2406,2390,NonPreemptive,RegionE,2390.0,2396.233333333333,18.0,True
30207,AITraining,2380,33,93,Low,RegionD,150,2406,2380,NonPreemptive,RegionF,2380.0,2381.55,25.0,True
30238,RealTimeInference,2379,6,291,High,RegionD,20,2384,2379,NonPreemptive,RegionD,2379.0,2383.85,5.0,True
30449,AITraining,2398,44,16,Low,RegionB,150,2406,2398,NonPreemptive,RegionE,2398.0,2398.266666666667,74.0,True
30452,AITraining,2391,55,198,Low,RegionE,150,2406,2391,NonPreemptive,RegionF,2391.0,2394.3,18.0,True
30583,AITraining,2387,121,234,Low,RegionE,150,2406,2387,NonPreemptive,RegionF,2387.0,2390.9,18.0,True
30610,RealTimeInference,2398,7,161,High,RegionB,20,2401,2398,NonPreemptive,RegionB,2398.0,2400.6833333333334,5.0,True
30708,RealTimeInference,2379,1,384,High,RegionB,20,2386,2379,NonPreemptive,RegionB,2379.0,2385.4,5.0,True
30715,BatchInference,2396,14,319,Medium,RegionD,80,2406,2396,NonPreemptive,RegionF,2396.0,2401.3166666666666,25.0,True
30900,AITraining,2383,36,131,Low,RegionF,150,2406,2383,NonPreemptive,RegionF,2383.0,2385.1833333333334,5.0,True
31011,AITraining,2391,58,121,Low,RegionF,150,2406,2391,NonPreemptive,RegionF,2391.0,2393.016666666667,5.0,True
31076,AITraining,2394,67,382,Low,RegionE,150,2406,2394,NonPreemptive,RegionE,2394.0,2400.366666666667,5.0,True
31191,AITraining,2382,65,155,Low,RegionD,150,2406,2382,NonPreemptive,RegionF,2382.0,2384.5833333333335,25.0,True
31331,BatchInference,2379,5,85,Medium,RegionC,80,2406,2379,NonPreemptive,RegionD,2379.0,2380.4166666666665,58.0,True
31480,AITraining,2381,84,301,Low,RegionD,150,2406,2381,NonPreemptive,RegionD,2381.0,2386.016666666667,5.0,True
31539,AITraining,2379,103,77,Low,RegionD,150,2406,2379,NonPreemptive,RegionD,2379.0,2380.2833333333333,5.0,True
31600,RealTimeInference,2376,3,303,High,RegionB,20,2382,2376,NonPreemptive,RegionC,2376.0,2381.05,14.0,True
31688,BatchInference,2391,21,118,Medium,RegionF,80,2406,2391,NonPreemptive,RegionF,2391.0,2392.9666666666667,5.0,True
31709,AITraining,2387,44,148,Low,RegionD,150,2406,2387,NonPreemptive,RegionF,2387.0,2389.4666666666667,25.0,True
31710,AITraining,2377,64,114,Low,RegionD,150,2406,2377,NonPreemptive,RegionD,2377.0,2378.9,5.0,True
31748,RealTimeInference,2393,4,332,High,RegionA,20,2399,2393,NonPreemptive,RegionA,2393.0,2398.5333333333333,5.0,True
31788,AITraining,2379,81,349,Low,RegionD,150,2406,2379,NonPreemptive,RegionE,2379.0,2384.8166666666666,22.0,True
31953,BatchInference,2387,19,309,Medium,RegionB,80,2406,2387,NonPreemptive,RegionE,2387.0,2392.15,74.0,True
31955,BatchInference,2385,16,167,Medium,RegionD,80,2406,2385,NonPreemptive,RegionF,2385.0,2387.7833333333333,25.0,True
32107,RealTimeInference,2384,3,185,High,RegionC,20,2388,2384,NonPreemptive,RegionB,2384.0,2387.0833333333335,14.0,True
32162,RealTimeInference,2389,2,115,High,RegionA,20,2391,2389,NonPreemptive,RegionA,2389.0,2390.9166666666665,5.0,True
32241,AITraining,2395,112,14,Low,RegionD,150,2406,2395,NonPreemptive,RegionB,2395.0,2395.233333333333,60.0,True
32420,BatchInference,2388,19,343,Medium,RegionD,80,2406,2388,NonPreemptive,RegionF,2388.0,2393.7166666666667,25.0,True
32465,RealTimeInference,2386,6,144,High,RegionB,20,2389,2386,NonPreemptive,RegionB,2386.0,2388.4,5.0,True
32656,AITraining,2387,76,338,Low,RegionE,150,2406,2387,NonPreemptive,RegionE,2387.0,2392.633333333333,5.0,True
32719,RealTimeInference,2387,3,109,High,RegionA,20,2389,2387,NonPreemptive,RegionB,2387.0,2388.8166666666666,12.0,True
32894,AITraining,2382,70,92,Low,RegionF,150,2406,2382,NonPreemptive,RegionD,2382.0,2383.5333333333333,25.0,True
32917,RealTimeInference,2392,2,173,High,RegionA,20,2395,2392,NonPreemptive,RegionA,2392.0,2394.883333333333,5.0,True
33356,BatchInference,2387,14,202,Medium,RegionB,80,2406,2387,NonPreemptive,RegionD,2387.0,2390.366666666667,60.0,True
33418,AITraining,2378,122,237,Low,RegionE,150,2406,2378,NonPreemptive,RegionF,2378.0,2381.95,18.0,True
33422,BatchInference,2376,9,371,Medium,RegionB,80,2406,2376,NonPreemptive,RegionF,2376.0,2382.1833333333334,79.0,True
33478,BatchInference,2384,6,156,Medium,RegionE,80,2406,2384,NonPreemptive,RegionF,2384.0,2386.6,18.0,True
33573,BatchInference,2391,21,85,Medium,RegionB,80,2406,2391,NonPreemptive,RegionA,2391.0,2392.4166666666665,12.0,True
33589,BatchInference,2387,22,287,Medium,RegionE,80,2406,2387,NonPreemptive,RegionD,2387.0,2391.7833333333333,22.0,True
33605,BatchInference,2386,9,94,Medium,RegionB,80,2406,2386,NonPreemptive,RegionF,2386.0,2387.5666666666666,79.0,True
33741,BatchInference,2379,9,258,Medium,RegionF,80,2406,2379,NonPreemptive,RegionD,2379.0,2383.3,25.0,True
33742,RealTimeInference,2376,3,155,High,RegionA,20,2379,2376,NonPreemptive,RegionC,2376.0,2378.5833333333335,15.0,True
33770,AITraining,2398,88,140,Low,RegionD,150,2406,2398,NonPreemptive,RegionE,2398.0,2400.3333333333335,22.0,True
33779,AITraining,2389,31,306,Low,RegionE,150,2406,2389,NonPreemptive,RegionF,2389.0,2394.1,18.0,True
33785,BatchInference,2386,20,112,Medium,RegionD,80,2406,2386,NonPreemptive,RegionD,2386.0,2387.866666666667,5.0,True
33839,BatchInference,2378,21,33,Medium,RegionE,80,2406,2378,NonPreemptive,RegionD,2378.0,2378.55,22.0,True
34117,BatchInference,2397,19,40,Medium,RegionB,80,2406,2397,NonPreemptive,RegionA,2397.0,2397.6666666666665,12.0,True
34149,BatchInference,2383,13,100,Medium,RegionA,80,2406,2383,NonPreemptive,RegionD,2383.0,2384.6666666666665,65.0,True
34201,AITraining,2384,78,116,Low,RegionB,150,2406,2384,NonPreemptive,RegionF,2384.0,2385.9333333333334,79.0,True
34369,BatchInference,2385,18,298,Medium,RegionD,80,2406,2385,NonPreemptive,RegionD,2385.0,2389.9666666666667,5.0,True
34377,AITraining,2383,46,44,Low,RegionF,150,2406,2383,NonPreemptive,RegionD,2383.0,2383.733333333333,25.0,True
34439,RealTimeInference,2394,2,304,High,RegionA,20,2400,2394,NonPreemptive,RegionB,2394.0,2399.0666666666666,12.0,True
34531,RealTimeInference,2390,7,346,High,RegionB,20,2396,2390,NonPreemptive,RegionB,2390.0,2395.766666666667,5.0,True
34647,AITraining,2389,59,138,Low,RegionB,150,2406,2389,NonPreemptive,RegionE,2389.0,2391.3,74.0,True
34834,AITraining,2383,123,217,Low,RegionE,150,2406,2383,NonPreemptive,RegionE,2383.0,2386.616666666667,5.0,True
34989,BatchInference,2381,13,202,Medium,RegionA,80,2406,2381,NonPreemptive,RegionE,2381.0,2384.366666666667,78.0,True
35013,BatchInference,2377,9,346,Medium,RegionE,80,2406,2377,NonPreemptive,RegionD,2377.0,2382.766666666667,22.0,True
35181,RealTimeInference,2391,4,252,High,RegionB,20,2396,2391,NonPreemptive,RegionA,2391.0,2395.2,12.0,True
35202,RealTimeInference,2381,5,176,High,RegionC,20,2384,2381,NonPreemptive,RegionB,2381.0,2383.9333333333334,14.0,True
35298,RealTimeInference,2383,6,259,High,RegionA,20,2388,2383,NonPreemptive,RegionB,2383.0,2387.3166666666666,12.0,True
35335,AITraining,2376,34,193,Low,RegionF,150,2406,2376,NonPreemptive,RegionF,2376.0,2379.2166666666667,5.0,True
35450,BatchInference,2381,14,121,Medium,RegionC,80,2406,2381,NonPreemptive,RegionD,2381.0,2383.016666666667,58.0,True
35507,BatchInference,2381,18,108,Medium,RegionA,80,2406,2381,NonPreemptive,RegionE,2381.0,2382.8,78.0,True
35544,RealTimeInference,2387,7,206,High,RegionC,20,2391,2387,NonPreemptive,RegionA,2387.0,2390.4333333333334,15.0,True
35545,AITraining,2388,31,83,Low,RegionF,150,2406,2388,NonPreemptive,RegionE,2388.0,2389.383333333333,18.0,True
35571,AITraining,2385,111,126,Low,RegionF,150,2406,2385,NonPreemptive,RegionF,2385.0,2387.1,5.0,True
35783,RealTimeInference,2391,3,277,High,RegionA,20,2396,2391,NonPreemptive,RegionA,2391.0,2395.616666666667,5.0,True
36157,AITraining,2396,86,47,Low,RegionD,150,2406,2396,NonPreemptive,RegionB,2396.0,2396.7833333333333,60.0,True
36175,RealTimeInference,2388,5,84,High,RegionA,20,2390,2388,NonPreemptive,RegionB,2388.0,2389.4,12.0,True
36260,AITraining,2378,85,209,Low,RegionF,150,2406,2378,NonPreemptive,RegionE,2378.0,2381.483333333333,18.0,True
36369,AITraining,2387,70,98,Low,RegionE,150,2406,2387,NonPreemptive,RegionD,2387.0,2388.633333333333,22.0,True
36438,AITraining,2380,30,73,Low,RegionB,150,2406,2380,NonPreemptive,RegionD,2380.0,2381.2166666666667,60.0,True
36594,BatchInference,2377,12,91,Medium,RegionE,80,2406,2377,NonPreemptive,RegionE,2377.0,2378.516666666667,5.0,True
36634,RealTimeInference,2385,7,305,High,RegionF,20,2391,2385,NonPreemptive,RegionE,2385.0,2390.0833333333335,18.0,True
36680,AITraining,2387,118,359,Low,RegionF,150,2406,2387,NonPreemptive,RegionD,2387.0,2392.983333333333,25.0,True
36729,BatchInference,2388,9,385,Medium,RegionC,80,2406,2388,NonPreemptive,RegionF,2388.0,2394.4166666666665,76.0,True
36735,RealTimeInference,2387,2,274,High,RegionB,20,2392,2387,NonPreemptive,RegionB,2387.0,2391.5666666666666,5.0,True
36863,AITraining,2394,101,31,Low,RegionF,150,2406,2394,NonPreemptive,RegionE,2394.0,2394.516666666667,18.0,True
36902,BatchInference,2389,22,331,Medium,RegionE,80,2406,2389,NonPreemptive,RegionE,2389.0,2394.516666666667,5.0,True
36934,BatchInference,2382,6,172,Medium,RegionD,80,2406,2382,NonPreemptive,RegionE,2382.0,2384.866666666667,22.0,True
37033,RealTimeInference,2390,3,293,High,RegionC,20,2395,2390,NonPreemptive,RegionB,2390.0,2394.883333333333,14.0,True
37062,BatchInference,2399,12,148,Medium,RegionB,80,2406,2399,NonPreemptive,RegionF,2399.0,2401.4666666666667,79.0,True
37078,BatchInference,2379,14,275,Medium,RegionD,80,2406,2379,NonPreemptive,RegionD,2379.0,2383.5833333333335,5.0,True
37081,BatchInference,2397,17,267,Medium,RegionA,80,2406,2397,NonPreemptive,RegionD,2397.0,2401.45,65.0,True
37236,BatchInference,2378,21,288,Medium,RegionE,80,2406,2378,NonPreemptive,RegionD,2378.0,2382.8,22.0,True
37312,BatchInference,2383,17,393,Medium,RegionB,80,2406,2383,NonPreemptive,RegionD,2383.0,2389.55,60.0,True
37668,BatchInference,2392,11,247,Medium,RegionD,80,2406,2392,NonPreemptive,RegionD,2392.0,2396.116666666667,5.0,True
37688,BatchInference,2384,6,226,Medium,RegionD,80,2406,2384,NonPreemptive,RegionD,2384.0,2387.766666666667,5.0,True
37758,AITraining,2398,25,287,Low,RegionD,150,2406,2398,NonPreemptive,RegionD,2398.0,2402.7833333333333,5.0,True
37834,BatchInference,2394,17,399,Medium,RegionF,80,2406,2394,NonPreemptive,RegionF,2394.0,2400.65,5.0,True
37857,AITraining,2396,42,115,Low,RegionD,150,2406,2396,NonPreemptive,RegionE,2396.0,2397.9166666666665,22.0,True
37918,BatchInference,2383,5,142,Medium,RegionD,80,2406,2383,NonPreemptive,RegionE,2383.0,2385.366666666667,22.0,True
38021,RealTimeInference,2393,6,212,High,RegionB,20,2397,2393,NonPreemptive,RegionB,2393.0,2396.5333333333333,5.0,True
38165,BatchInference,2399,10,285,Medium,RegionB,80,2406,2399,NonPreemptive,RegionD,2399.0,2403.75,60.0,True
38208,AITraining,2392,122,106,Low,RegionF,150,2406,2392,NonPreemptive,RegionD,2392.0,2393.766666666667,25.0,True
38408,AITraining,2397,37,137,Low,RegionD,150,2406,2397,NonPreemptive,RegionF,2397.0,2399.2833333333333,25.0,True
38738,AITraining,2381,85,359,Low,RegionE,150,2406,2381,NonPreemptive,RegionD,2381.0,2386.983333333333,22.0,True
38774,RealTimeInference,2396,4,33,High,RegionA,20,2397,2396,NonPreemptive,RegionB,2396.0,2396.55,12.0,True
38786,AITraining,2396,95,398,Low,RegionA,150,2406,2396,NonPreemptive,RegionD,2396.0,2402.633333333333,65.0,True
38894,AITraining,2399,115,369,Low,RegionE,150,2406,2399,NonPreemptive,RegionD,2399.0,2405.15,22.0,True
38937,AITraining,2391,31,316,Low,RegionB,150,2406,2391,NonPreemptive,RegionD,2391.0,2396.266666666667,60.0,True
38944,AITraining,2387,91,186,Low,RegionC,150,2406,2387,NonPreemptive,RegionE,2387.0,2390.1,70.0,True
39010,AITraining,2379,86,20,Low,RegionD,150,2406,2379,NonPreemptive,RegionE,2379.0,2379.3333333333335,22.0,True
39262,AITraining,2378,103,26,Low,RegionE,150,2406,2378,NonPreemptive,RegionD,2378.0,2378.4333333333334,22.0,True
39318,BatchInference,2389,21,165,Medium,RegionA,80,2406,2389,NonPreemptive,RegionD,2389.0,2391.75,65.0,True
39380,RealTimeInference,2391,3,44,High,RegionB,20,2392,2391,NonPreemptive,RegionA,2391.0,2391.733333333333,12.0,True
39397,BatchInference,2390,7,388,Medium,RegionA,80,2406,2390,NonPreemptive,RegionD,2390.0,2396.4666666666667,65.0,True
39468,BatchInference,2394,16,67,Medium,RegionA,80,2406,2394,NonPreemptive,RegionC,2394.0,2395.116666666667,15.0,True
39597,BatchInference,2386,17,335,Medium,RegionD,80,2406,2386,NonPreemptive,RegionE,2386.0,2391.5833333333335,22.0,True
39629,BatchInference,2397,5,19,Medium,RegionD,80,2406,2397,NonPreemptive,RegionA,2397.0,2397.3166666666666,65.0,True
39669,AITraining,2394,77,272,Low,RegionE,150,2406,2394,NonPreemptive,RegionF,2394.0,2398.5333333333333,18.0,True
39748,RealTimeInference,2381,1,201,High,RegionC,20,2385,2381,NonPreemptive,RegionB,2381.0,2384.35,14.0,True
39773,AITraining,2395,33,34,Low,RegionE,150,2406,2395,NonPreemptive,RegionC,2395.0,2395.5666666666666,70.0,True
39788,RealTimeInference,2399,7,263,High,RegionC,20,2404,2399,NonPreemptive,RegionC,2399.0,2403.383333333333,5.0,True
39791,BatchInference,2377,4,287,Medium,RegionB,80,2406,2377,NonPreemptive,RegionF,2377.0,2381.7833333333333,79.0,True
39924,BatchInference,2382,4,156,Medium,RegionC,80,2406,2382,NonPreemptive,RegionF,2382.0,2384.6,76.0,True
40341,RealTimeInference,2396,2,386,High,RegionA,20,2403,2396,NonPreemptive,RegionC,2396.0,2402.4333333333334,15.0,True
40375,RealTimeInference,2398,4,80,High,RegionA,20,2400,2398,NonPreemptive,RegionB,2398.0,2399.3333333333335,12.0,True
40446,BatchInference,2387,9,32,Medium,RegionA,80,2406,2387,NonPreemptive,RegionD,2387.0,2387.5333333333333,65.0,True
40505,BatchInference,2396,6,380,Medium,RegionA,80,2406,2396,NonPreemptive,RegionD,2396.0,2402.3333333333335,65.0,True
40539,BatchInference,2388,10,132,Medium,RegionB,80,2406,2388,NonPreemptive,RegionE,2388.0,2390.2,74.0,True
40554,RealTimeInference,2386,5,372,High,RegionB,20,2393,2386,NonPreemptive,RegionB,2386.0,2392.2,5.0,True
40594,RealTimeInference,2386,2,365,High,RegionC,20,2393,2386,NonPreemptive,RegionB,2386.0,2392.0833333333335,14.0,True
40599,RealTimeInference,2395,4,50,High,RegionB,20,2396,2395,NonPreemptive,RegionB,2395.0,2395.8333333333335,5.0,True
40802,BatchInference,2383,16,255,Medium,RegionB,80,2406,2383,NonPreemptive,RegionE,2383.0,2387.25,74.0,True
40831,BatchInference,2394,17,355,Medium,RegionE,80,2406,2394,NonPreemptive,RegionF,2394.0,2399.9166666666665,18.0,True
40898,AITraining,2380,122,172,Low,RegionA,150,2406,2380,NonPreemptive,RegionF,2380.0,2382.866666666667,82.0,True
40966,BatchInference,2399,20,305,Medium,RegionB,80,2406,2399,NonPreemptive,RegionD,2399.0,2404.0833333333335,60.0,True
41146,AITraining,2394,57,103,Low,RegionF,150,2406,2394,NonPreemptive,RegionB,2394.0,2395.7166666666667,79.0,True
41247,RealTimeInference,2395,3,124,High,RegionA,20,2398,2395,NonPreemptive,RegionA,2395.0,2397.0666666666666,5.0,True
41298,RealTimeInference,2383,4,321,High,RegionA,20,2389,2383,NonPreemptive,RegionB,2383.0,2388.35,12.0,True
41348,AITraining,2377,71,345,Low,RegionE,150,2406,2377,NonPreemptive,RegionE,2377.0,2382.75,5.0,True
41410,AITraining,2391,23,394,Low,RegionB,150,2406,2391,NonPreemptive,RegionE,2391.0,2397.5666666666666,74.0,True
41413,AITraining,2377,54,252,Low,RegionE,150,2406,2377,NonPreemptive,RegionD,2377.0,2381.2,22.0,True
41451,RealTimeInference,2399,4,396,High,RegionA,20,2406,2399,NonPreemptive,RegionC,2399.0,2405.6,15.0,True
41513,RealTimeInference,2381,6,143,High,RegionC,20,2384,2381,NonPreemptive,RegionB,2381.0,2383.383333333333,14.0,True
41737,AITraining,2387,21,364,Low,RegionF,150,2406,2387,NonPreemptive,RegionE,2387.0,2393.0666666666666,18.0,True
41891,BatchInference,2385,15,159,Medium,RegionC,80,2406,2385,NonPreemptive,RegionF,2385.0,2387.65,76.0,True
41926,RealTimeInference,2376,6,221,High,RegionC,20,2380,2376,NonPreemptive,RegionC,2376.0,2379.6833333333334,5.0,True
41990,AITraining,2393,22,25,Low,RegionD,150,2406,2393,NonPreemptive,RegionB,2393.0,2393.4166666666665,60.0,True
42007,BatchInference,2388,21,164,Medium,RegionA,80,2406,2388,NonPreemptive,RegionE,2388.0,2390.733333333333,78.0,True
42018,AITraining,2394,64,214,Low,RegionF,150,2406,2394,NonPreemptive,RegionB,2394.0,2397.5666666666666,79.0,True
42169,AITraining,2376,58,356,Low,RegionF,150,2406,2376,NonPreemptive,RegionF,2376.0,2381.9333333333334,5.0,True
42220,RealTimeInference,2397,2,16,High,RegionB,20,2398,2397,NonPreemptive,RegionA,2397.0,2397.266666666667,12.0,True
42258,RealTimeInference,2394,6,164,High,RegionB,20,2397,2394,NonPreemptive,RegionB,2394.0,2396.733333333333,5.0,True
42499,AITraining,2381,71,366,Low,RegionB,150,2406,2381,NonPreemptive,RegionD,2381.0,2387.1,60.0,True
42578,AITraining,2399,37,235,Low,RegionC,150,2406,2399,NonPreemptive,RegionD,2399.0,2402.9166666666665,58.0,True
42642,RealTimeInference,2382,1,210,High,RegionC,20,2386,2382,NonPreemptive,RegionB,2382.0,2385.5,14.0,True
42663,BatchInference,2388,7,374,Medium,RegionA,80,2406,2388,NonPreemptive,RegionE,2388.0,2394.233333333333,78.0,True
42958,BatchInference,2395,19,361,Medium,RegionA,80,2406,2395,NonPreemptive,RegionE,2395.0,2401.016666666667,78.0,True
43032,RealTimeInference,2388,1,137,High,RegionB,20,2391,2388,NonPreemptive,RegionB,2388.0,2390.2833333333333,5.0,True
43047,RealTimeInference,2383,5,122,High,RegionB,20,2386,2383,NonPreemptive,RegionB,2383.0,2385.0333333333333,5.0,True
43153,AITraining,2385,36,79,Low,RegionF,150,2406,2385,NonPreemptive,RegionE,2385.0,2386.3166666666666,18.0,True
43240,RealTimeInference,2381,7,395,High,RegionA,20,2388,2381,NonPreemptive,RegionB,2381.0,2387.5833333333335,12.0,True
43266,AITraining,2388,103,59,Low,RegionA,150,2406,2388,NonPreemptive,RegionF,2388.0,2388.983333333333,82.0,True
43380,AITraining,2380,50,73,Low,RegionD,150,2406,2380,NonPreemptive,RegionD,2380.0,2381.2166666666667,5.0,True
43423,AITraining,2398,122,330,Low,RegionF,150,2406,2398,NonPreemptive,RegionD,2398.0,2403.5,25.0,True
43463,BatchInference,2388,10,80,Medium,RegionA,80,2406,2388,NonPreemptive,RegionE,2388.0,2389.3333333333335,78.0,True
43531,BatchInference,2393,18,148,Medium,RegionC,80,2406,2393,NonPreemptive,RegionC,2393.0,2395.4666666666667,5.0,True
43668,BatchInference,2380,19,170,Medium,RegionB,80,2406,2380,NonPreemptive,RegionD,2380.0,2382.8333333333335,60.0,True
43690,AITraining,2377,102,188,Low,RegionE,150,2406,2377,NonPreemptive,RegionD,2377.0,2380.133333333333,22.0,True
43786,BatchInference,2399,17,126,Medium,RegionB,80,2406,2399,NonPreemptive,RegionF,2399.0,2401.1,79.0,True
43953,BatchInference,2386,17,162,Medium,RegionE,80,2406,2386,NonPreemptive,RegionF,2386.0,2388.7,18.0,True
43993,BatchInference,2396,16,220,Medium,RegionE,80,2406,2396,NonPreemptive,RegionF,2396.0,2399.6666666666665,18.0,True
44279,RealTimeInference,2377,1,171,High,RegionB,20,2380,2377,NonPreemptive,RegionC,2377.0,2379.85,14.0,True
44439,BatchInference,2399,6,337,Medium,RegionE,80,2406,2399,NonPreemptive,RegionD,2399.0,2404.616666666667,22.0,True
44602,RealTimeInference,2393,4,340,High,RegionC,20,2399,2393,NonPreemptive,RegionA,2393.0,2398.6666666666665,15.0,True
44811,RealTimeInference,2392,2,334,High,RegionB,20,2398,2392,NonPreemptive,RegionA,2392.0,2397.5666666666666,12.0,True
44983,AITraining,2384,80,299,Low,RegionF,150,2406,2384,NonPreemptive,RegionD,2384.0,2388.983333333333,25.0,True
45061,RealTimeInference,2383,2,252,High,RegionC,20,2388,2383,NonPreemptive,RegionB,2383.0,2387.2,14.0,True
45156,BatchInference,2388,9,302,Medium,RegionA,80,2406,2388,NonPreemptive,RegionD,2388.0,2393.0333333333333,65.0,True
45172,AITraining,2380,73,140,Low,RegionE,150,2406,2380,NonPreemptive,RegionE,2380.0,2382.3333333333335,5.0,True
45363,RealTimeInference,2391,2,305,High,RegionC,20,2397,2391,NonPreemptive,RegionA,2391.0,2396.0833333333335,15.0,True
45404,AITraining,2380,74,135,Low,RegionF,150,2406,2380,NonPreemptive,RegionD,2380.0,2382.25,25.0,True
45529,RealTimeInference,2393,4,366,High,RegionA,20,2400,2393,NonPreemptive,RegionB,2393.0,2399.1,12.0,True
45583,BatchInference,2389,13,332,Medium,RegionB,80,2406,2389,NonPreemptive,RegionE,2389.0,2394.5333333333333,74.0,True
45584,BatchInference,2378,21,161,Medium,RegionC,80,2406,2378,NonPreemptive,RegionD,2378.0,2380.6833333333334,58.0,True
45731,BatchInference,2391,14,252,Medium,RegionE,80,2406,2391,NonPreemptive,RegionF,2391.0,2395.2,18.0,True
45742,BatchInference,2385,20,382,Medium,RegionC,80,2406,2385,NonPreemptive,RegionD,2385.0,2391.366666666667,58.0,True
45743,RealTimeInference,2377,2,392,High,RegionB,20,2384,2377,NonPreemptive,RegionC,2377.0,2383.5333333333333,14.0,True
45771,AITraining,2383,77,277,Low,RegionF,150,2406,2383,NonPreemptive,RegionD,2383.0,2387.616666666667,25.0,True
45879,RealTimeInference,2383,3,263,High,RegionB,20,2388,2383,NonPreemptive,RegionB,2383.0,2387.383333333333,5.0,True
45887,BatchInference,2394,10,326,Medium,RegionD,80,2406,2394,NonPreemptive,RegionF,2394.0,2399.4333333333334,25.0,True
45986,BatchInference,2395,20,251,Medium,RegionD,80,2406,2395,NonPreemptive,RegionF,2395.0,2399.1833333333334,25.0,True
46011,AITraining,2395,66,118,Low,RegionE,150,2406,2395,NonPreemptive,RegionB,2395.0,2396.9666666666667,74.0,True
46028,BatchInference,2397,22,67,Medium,RegionA,80,2406,2397,NonPreemptive,RegionE,2397.0,2398.116666666667,78.0,True
46184,AITraining,2396,99,390,Low,RegionF,150,2406,2396,NonPreemptive,RegionD,2396.0,2402.5,25.0,True
46192,AITraining,2386,113,198,Low,RegionB,150,2406,2386,NonPreemptive,RegionF,2386.0,2389.3,79.0,True
46280,AITraining,2381,76,348,Low,RegionE,150,2406,2381,NonPreemptive,RegionD,2381.0,2386.8,22.0,True
46424,AITraining,2390,120,364,Low,RegionD,150,2406,2390,NonPreemptive,RegionD,2390.0,2396.0666666666666,5.0,True
46582,AITraining,2384,33,63,Low,RegionE,150,2406,2384,NonPreemptive,RegionE,2384.0,2385.05,5.0,True
46688,AITraining,2378,50,28,Low,RegionE,150,2406,2378,NonPreemptive,RegionD,2378.0,2378.4666666666667,22.0,True
46818,BatchInference,2397,16,170,Medium,RegionC,80,2406,2397,NonPreemptive,RegionF,2397.0,2399.8333333333335,76.0,True
46823,AITraining,2398,109,179,Low,RegionD,150,2406,2398,NonPreemptive,RegionE,2398.0,2400.983333333333,22.0,True
46875,BatchInference,2385,18,370,Medium,RegionB,80,2406,2385,NonPreemptive,RegionD,2385.0,2391.1666666666665,60.0,True
46876,RealTimeInference,2380,3,171,High,RegionB,20,2383,2380,NonPreemptive,RegionB,2380.0,2382.85,5.0,True
46942,BatchInference,2399,11,342,Medium,RegionC,80,2406,2399,NonPreemptive,RegionD,2399.0,2404.7,58.0,True
47013,AITraining,2389,67,10,Low,RegionD,150,2406,2389,NonPreemptive,RegionE,2389.0,2389.1666666666665,22.0,True
47090,AITraining,2392,98,313,Low,RegionF,150,2406,2392,NonPreemptive,RegionD,2392.0,2397.2166666666667,25.0,True
47260,RealTimeInference,2395,3,209,High,RegionD,20,2399,2395,NonPreemptive,RegionD,2395.0,2398.483333333333,5.0,True
47419,AITraining,2382,67,135,Low,RegionC,150,2406,2382,NonPreemptive,RegionF,2382.0,2384.25,76.0,True
47435,AITraining,2397,28,391,Low,RegionE,150,2406,2397,NonPreemptive,RegionD,2397.0,2403.516666666667,22.0,True
47509,AITraining,2381,71,158,Low,RegionF,150,2406,2381,NonPreemptive,RegionD,2381.0,2383.633333333333,25.0,True
47613,BatchInference,2380,22,320,Medium,RegionD,80,2406,2380,NonPreemptive,RegionF,2380.0,2385.3333333333335,25.0,True
47787,BatchInference,2392,8,193,Medium,RegionB,80,2406,2392,NonPreemptive,RegionF,2392.0,2395.2166666666667,79.0,True
47967,BatchInference,2390,20,191,Medium,RegionD,80,2406,2390,NonPreemptive,RegionE,2390.0,2393.1833333333334,22.0,True
47993,RealTimeInference,2377,4,88,High,RegionC,20,2379,2377,NonPreemptive,RegionC,2377.0,2378.4666666666667,5.0,True
47997,RealTimeInference,2384,6,244,High,RegionA,20,2389,2384,NonPreemptive,RegionB,2384.0,2388.0666666666666,12.0,True
48004,RealTimeInference,2389,6,50,High,RegionA,20,2390,2389,NonPreemptive,RegionA,2389.0,2389.8333333333335,5.0,True
48007,RealTimeInference,2386,2,256,High,RegionC,20,2391,2386,NonPreemptive,RegionB,2386.0,2390.266666666667,14.0,True
48396,RealTimeInference,2386,2,161,High,RegionA,20,2389,2386,NonPreemptive,RegionB,2386.0,2388.6833333333334,12.0,True
48528,AITraining,2398,36,91,Low,RegionD,150,2406,2398,NonPreemptive,RegionF,2398.0,2399.516666666667,25.0,True
48579,AITraining,2399,119,150,Low,RegionF,150,2406,2399,NonPreemptive,RegionE,2399.0,2401.5,18.0,True
48651,BatchInference,2393,14,74,Medium,RegionF,80,2406,2393,NonPreemptive,RegionE,2393.0,2394.233333333333,18.0,True
48837,AITraining,2396,23,231,Low,RegionD,150,2406,2396,NonPreemptive,RegionF,2396.0,2399.85,25.0,True
49049,RealTimeInference,2377,3,98,High,RegionB,20,2379,2377,NonPreemptive,RegionC,2377.0,2378.633333333333,14.0,True
49227,RealTimeInference,2396,3,315,High,RegionC,20,2402,2396,NonPreemptive,RegionC,2396.0,2401.25,5.0,True
49336,BatchInference,2382,8,325,Medium,RegionB,80,2406,2382,NonPreemptive,RegionD,2382.0,2387.4166666666665,60.0,True
49525,BatchInference,2399,16,187,Medium,RegionB,80,2406,2399,NonPreemptive,RegionF,2399.0,2402.116666666667,79.0,True
49550,AITraining,2397,120,120,Low,RegionA,150,2406,2397,NonPreemptive,RegionD,2397.0,2399.0,65.0,True
49575,AITraining,2397,27,193,Low,RegionF,150,2406,2397,NonPreemptive,RegionE,2397.0,2400.2166666666667,18.0,True
49609,AITraining,2397,38,70,Low,RegionA,150,2406,2397,NonPreemptive,RegionD,2397.0,2398.1666666666665,65.0,True
49617,RealTimeInference,2395,3,256,High,RegionA,20,2400,2395,NonPreemptive,RegionB,2395.0,2399.266666666667,12.0,True
49640,AITraining,2395,54,243,Low,RegionE,150,2406,2395,NonPreemptive,RegionE,2395.0,2399.05,5.0,True
49684,RealTimeInference,2391,1,105,High,RegionB,20,2393,2391,NonPreemptive,RegionA,2391.0,2392.75,12.0,True
49940,RealTimeInference,2376,6,93,High,RegionB,20,2378,2376,NonPreemptive,RegionB,2376.0,2377.55,5.0,True
49968,AITraining,2384,120,232,Low,RegionE,150,2406,2384,NonPreemptive,RegionD,2384.0,2387.866666666667,22.0,True
