方案,求解状态,有可行解,运行时间_s,MIPGap,OperatingCost_CNY,CarbonEmission_tCO2,Curtailment_MWh,CurtailmentRate,RenewableUtilization,PeakByRegion
最低成本端点,OPTIMAL,1,1.8839998245239256,0.0,-435195092.7261525,534.1378977967175,3646665.212269151,0.3157075874620995,0.6842924125379005,"{'RegionA': 0.0, 'RegionB': 0.0, 'RegionC': 0.0, 'RegionD': 111.68754624000007, 'RegionE': 74.32416666666666, 'RegionF': 88.66108333332261}"
最低碳排放端点,OPTIMAL,1,2.0209999084472656,0.0,-435155777.8464526,1.000099545252649e-06,3646528.388515365,0.3156957420376634,0.6843042579623366,"{'RegionA': 0.0, 'RegionB': 0.0, 'RegionC': 0.0, 'RegionD': 0.0, 'RegionE': 4.3388266605321e-06, 'RegionF': 0.0}"
最高新能源利用率端点,TIME_LIMIT,1,60.2979998588562,,-424965657.3838878,324.66847450817164,3553279.220593258,0.3076227580580845,0.6923772419419154,"{'RegionA': 0.0, 'RegionB': 0.0, 'RegionC': 0.0, 'RegionD': 111.68754624000007, 'RegionE': 74.32416666666666, 'RegionF': 75.91324666666662}"
Pareto_E1_Q1,TIME_LIMIT,0,60.14200019836426,0.0,,,,,,
Pareto_E1_Q2,OPTIMAL,1,2.2779998779296875,1.3697312045439802e-16,-435155777.84646136,1.100099545252649e-06,3599972.217586271,0.3116651728600911,0.6883348271399089,"{'RegionA': 0.0, 'RegionB': 0.0, 'RegionC': 0.0, 'RegionD': 0.0, 'RegionE': 4.772666139924724e-06, 'RegionF': 0.0}"
Pareto_E1_Q3,OPTIMAL,1,1.0429999828338623,1.3697312045439802e-16,-435155777.84646136,1.100099545252649e-06,3646665.213424218,0.3157075875620986,0.6842924124379014,"{'RegionA': 0.0, 'RegionB': 0.0, 'RegionC': 0.0, 'RegionD': 0.0, 'RegionE': 4.772666139924724e-06, 'RegionF': 0.0}"
Pareto_E2_Q1,TIME_LIMIT,0,75.69900012016296,0.0,,,,,,
Pareto_E2_Q2,OPTIMAL,1,15.3510000705719,0.0,-435177716.3579821,267.06894949840853,3599972.2175862705,0.3116651728600911,0.6883348271399089,"{'RegionA': 0.0, 'RegionB': 0.0, 'RegionC': 0.0, 'RegionD': 0.0, 'RegionE': 74.32416666666666, 'RegionF': 45.963542486658774}"
Pareto_E2_Q3,OPTIMAL,1,0.99399995803833,0.0,-435177716.3579821,267.06894949840853,3631560.9547328944,0.3143999465272711,0.6856000534727289,"{'RegionA': 0.0, 'RegionB': 0.0, 'RegionC': 0.0, 'RegionD': 0.0, 'RegionE': 74.32416666666666, 'RegionF': 45.963542486658774}"
Pareto_E3_Q1,TIME_LIMIT,0,85.92900013923645,0.0,,,,,,
Pareto_E3_Q2,OPTIMAL,1,15.02999997138977,0.0,-435195092.7261525,534.1378977967175,3599972.217586271,0.3116651728600911,0.6883348271399089,"{'RegionA': 0.0, 'RegionB': 0.0, 'RegionC': 0.0, 'RegionD': 111.68754624000007, 'RegionE': 74.32416666666666, 'RegionF': 88.66108333332261}"
Pareto_E3_Q3,OPTIMAL,1,0.8819999694824219,0.0,-435195092.7261525,534.1378977967175,3646665.212269151,0.3157075874620995,0.6842924125379005,"{'RegionA': 0.0, 'RegionB': 0.0, 'RegionC': 0.0, 'RegionD': 111.68754624000007, 'RegionE': 74.32416666666666, 'RegionF': 88.66108333332261}"
最低碳排放端点_联合协调,REUSED,1,0.0,0.0,,,,,,
最低碳排放端点_联合协调_影子价格_1,OPTIMAL,1,0.1280000209808349,0.0,-435155777.8465401,2.000099545252649e-06,3645139.599954697,0.3155755086023297,0.6844244913976703,"{'RegionA': 0.0, 'RegionB': 0.0, 'RegionC': 0.0, 'RegionD': 0.0, 'RegionE': 8.677221454458346e-06, 'RegionF': 0.0}"
最低碳排放端点_联合协调_协调_1,OPTIMAL,1,1.0849997997283936,0.0,-451538970.5069335,2.000099545252649e-06,3559619.6196803795,0.3081716738435554,0.6918283261564446,"{'RegionA': 0.0, 'RegionB': 0.0, 'RegionC': 0.0, 'RegionD': 4.4674995426684134e-06, 'RegionE': 0.0, 'RegionF': 0.0}"
最低碳排放端点_联合协调_影子价格_2,OPTIMAL,1,0.121999979019165,0.0,-451538970.5069335,2.000099545252649e-06,3557712.796344458,0.3080065918960614,0.6919934081039386,"{'RegionA': 0.0, 'RegionB': 0.0, 'RegionC': 0.0, 'RegionD': 4.4674995426684134e-06, 'RegionE': 0.0, 'RegionF': 0.0}"
最低碳排放端点_联合协调_协调_2,OPTIMAL,1,0.9590001106262208,2.6171408737119387e-16,-455494355.49376655,0.0,3543297.25742988,0.3067585763125701,0.6932414236874299,"{'RegionA': 0.0, 'RegionB': 0.0, 'RegionC': 0.0, 'RegionD': 0.0, 'RegionE': 0.0, 'RegionF': 0.0}"
最低碳排放端点_联合协调_影子价格_3,OPTIMAL,1,0.127000093460083,0.0,-455494355.49376655,0.0,3540678.0979948184,0.3065318243465163,0.6934681756534837,"{'RegionA': 0.0, 'RegionB': 0.0, 'RegionC': 0.0, 'RegionD': 0.0, 'RegionE': 0.0, 'RegionF': 0.0}"
最低碳排放端点_联合协调_协调_3,OPTIMAL,1,0.9489998817443848,7.827909003541126e-16,-456862577.8487754,0.0,3538039.065031464,0.3063033518431205,0.6936966481568795,"{'RegionA': 0.0, 'RegionB': 0.0, 'RegionC': 0.0, 'RegionD': 0.0, 'RegionE': 0.0, 'RegionF': 0.0}"
最高新能源利用率端点_联合协调,REUSED,1,0.0,0.0,,,,,,
最高新能源利用率端点_联合协调_影子价格_1,OPTIMAL,1,0.1989998817443847,0.0,-434491121.8591982,101.15662471164522,3553279.221748329,0.3076227581580841,0.6923772418419158,"{'RegionA': 0.0, 'RegionB': 0.0, 'RegionC': 0.0, 'RegionD': 0.0, 'RegionE': 74.32416666666666, 'RegionF': 45.00247666666826}"
最高新能源利用率端点_联合协调_协调_1,OPTIMAL,1,1.6589999198913574,0.0,-451348437.862856,82.72006453621654,3553279.2217483176,0.307622758158083,0.692377241841917,"{'RegionA': 0.0, 'RegionB': 0.0, 'RegionC': 0.0, 'RegionD': 76.0504004266734, 'RegionE': 0.0, 'RegionF': 0.0}"
最高新能源利用率端点_联合协调_影子价格_2,OPTIMAL,1,0.1380000114440918,0.0,-451348437.862856,82.72006453621654,3553279.2217483334,0.3076227581580844,0.6923772418419156,"{'RegionA': 0.0, 'RegionB': 0.0, 'RegionC': 0.0, 'RegionD': 76.0504004266734, 'RegionE': 0.0, 'RegionF': 0.0}"
最高新能源利用率端点_联合协调_协调_2,OPTIMAL,1,1.064000129699707,3.924835359780269e-16,-455596013.4240707,0.0,3542785.7537801927,0.306714293228212,0.693285706771788,"{'RegionA': 0.0, 'RegionB': 0.0, 'RegionC': 0.0, 'RegionD': 0.0, 'RegionE': 0.0, 'RegionF': 0.0}"
最高新能源利用率端点_联合协调_影子价格_3,OPTIMAL,1,0.1289999485015869,0.0,-455596013.4240707,0.0,3540050.8856718894,0.3064775238616152,0.6935224761383848,"{'RegionA': 0.0, 'RegionB': 0.0, 'RegionC': 0.0, 'RegionD': 0.0, 'RegionE': 0.0, 'RegionF': 0.0}"
最高新能源利用率端点_联合协调_协调_3,OPTIMAL,1,1.121000051498413,7.825291545866719e-16,-457015392.4057197,0.0,3537090.146001497,0.3062211998164854,0.6937788001835146,"{'RegionA': 0.0, 'RegionB': 0.0, 'RegionC': 0.0, 'RegionD': 0.0, 'RegionE': 0.0, 'RegionF': 0.0}"
Pareto_E1_Q2_联合协调,REUSED,1,0.0,0.0,,,,,,
Pareto_E1_Q2_联合协调_影子价格_1,OPTIMAL,1,0.1600000858306884,0.0,-435155777.8464526,1.000099545252649e-06,3599972.216431201,0.3116651727600917,0.6883348272399082,"{'RegionA': 0.0, 'RegionB': 0.0, 'RegionC': 0.0, 'RegionD': 0.0, 'RegionE': 4.3388266605321e-06, 'RegionF': 0.0}"
Pareto_E1_Q2_联合协调_协调_1,OPTIMAL,1,3.227999925613404,0.0,-451538970.5068822,1.000099545252649e-06,3559618.8213001043,0.3081716047243202,0.6918283952756799,"{'RegionA': 0.0, 'RegionB': 0.0, 'RegionC': 0.0, 'RegionD': 2.2338609453934536e-06, 'RegionE': 0.0, 'RegionF': 0.0}"
Pareto_E1_Q2_联合协调_影子价格_2,OPTIMAL,1,0.121999979019165,0.0,-451538970.5068822,1.000099545252649e-06,3557491.8426626185,0.3079874629797025,0.6920125370202975,"{'RegionA': 0.0, 'RegionB': 0.0, 'RegionC': 0.0, 'RegionD': 2.2338609453934536e-06, 'RegionE': 0.0, 'RegionF': 0.0}"
Pareto_E1_Q2_联合协调_协调_2,OPTIMAL,1,0.9010000228881836,2.6171408737119387e-16,-455494355.49376655,0.0,3543297.25742988,0.3067585763125701,0.6932414236874299,"{'RegionA': 0.0, 'RegionB': 0.0, 'RegionC': 0.0, 'RegionD': 0.0, 'RegionE': 0.0, 'RegionF': 0.0}"
Pareto_E1_Q2_联合协调_影子价格_3,OPTIMAL,1,0.1469998359680175,0.0,-455494355.49376655,0.0,3540678.0979948184,0.3065318243465163,0.6934681756534837,"{'RegionA': 0.0, 'RegionB': 0.0, 'RegionC': 0.0, 'RegionD': 0.0, 'RegionE': 0.0, 'RegionF': 0.0}"
Pareto_E1_Q2_联合协调_协调_3,OPTIMAL,1,0.93500018119812,7.827909003541126e-16,-456862577.8487754,0.0,3538039.065031464,0.3063033518431205,0.6936966481568795,"{'RegionA': 0.0, 'RegionB': 0.0, 'RegionC': 0.0, 'RegionD': 0.0, 'RegionE': 0.0, 'RegionF': 0.0}"
Pareto_E2_Q2_联合协调,REUSED,1,0.0,0.0,,,,,,
Pareto_E2_Q2_联合协调_影子价格_1,OPTIMAL,1,0.1489999294281005,0.0,-435177716.35797465,267.0689493984085,3599972.216431199,0.3116651727600915,0.6883348272399085,"{'RegionA': 0.0, 'RegionB': 0.0, 'RegionC': 0.0, 'RegionD': 0.0, 'RegionE': 74.32416666666666, 'RegionF': 45.963542486658774}"
Pareto_E2_Q2_联合协调_协调_1,OPTIMAL,1,1.1410000324249268,0.0,-451559566.5659988,66.9960265148817,3559568.0682572406,0.3081672108137783,0.6918327891862217,"{'RegionA': 0.0, 'RegionB': 0.0, 'RegionC': 0.0, 'RegionD': 58.50482709333346, 'RegionE': 0.0, 'RegionF': 0.0}"
Pareto_E2_Q2_联合协调_影子价格_2,OPTIMAL,1,0.1360001564025879,0.0,-451559566.5659988,66.9960265148817,3558142.394708918,0.3080437840854527,0.6919562159145474,"{'RegionA': 0.0, 'RegionB': 0.0, 'RegionC': 0.0, 'RegionD': 58.50482709333346, 'RegionE': 0.0, 'RegionF': 0.0}"
Pareto_E2_Q2_联合协调_协调_2,OPTIMAL,1,1.246999979019165,2.617283400463401e-16,-455469551.0989553,0.0,3543453.230426804,0.3067720795698481,0.6932279204301519,"{'RegionA': 0.0, 'RegionB': 0.0, 'RegionC': 0.0, 'RegionD': 0.0, 'RegionE': 0.0, 'RegionF': 0.0}"
Pareto_E2_Q2_联合协调_影子价格_3,OPTIMAL,1,0.1389999389648437,0.0,-455469551.0989553,0.0,3540935.1545475684,0.3065540788446361,0.6934459211553639,"{'RegionA': 0.0, 'RegionB': 0.0, 'RegionC': 0.0, 'RegionD': 0.0, 'RegionE': 0.0, 'RegionF': 0.0}"
Pareto_E2_Q2_联合协调_协调_3,OPTIMAL,1,1.184000015258789,1.043398664306253e-15,-457003803.5463368,0.0,3537277.590066772,0.3062374276603338,0.6937625723396662,"{'RegionA': 0.0, 'RegionB': 0.0, 'RegionC': 0.0, 'RegionD': 0.0, 'RegionE': 0.0, 'RegionF': 0.0}"
Pareto_E3_Q2_联合协调,REUSED,1,0.0,0.0,,,,,,
Pareto_E3_Q2_联合协调_影子价格_1,OPTIMAL,1,0.1670000553131103,0.0,-435195092.7261525,534.1378977967175,3599972.216431213,0.3116651727600928,0.6883348272399072,"{'RegionA': 0.0, 'RegionB': 0.0, 'RegionC': 0.0, 'RegionD': 111.68754624000007, 'RegionE': 74.32416666666666, 'RegionF': 88.66108333332261}"
Pareto_E3_Q2_联合协调_协调_1,OPTIMAL,1,0.9249999523162842,0.0,-451546562.86348295,66.9960265148817,3559677.331697273,0.3081766702225923,0.6918233297774077,"{'RegionA': 0.0, 'RegionB': 0.0, 'RegionC': 0.0, 'RegionD': 58.50482709333346, 'RegionE': 0.0, 'RegionF': 0.0}"
Pareto_E3_Q2_联合协调_影子价格_2,OPTIMAL,1,0.1239998340606689,0.0,-451546562.86348295,66.9960265148817,3557898.995232628,0.3080227119395395,0.6919772880604604,"{'RegionA': 0.0, 'RegionB': 0.0, 'RegionC': 0.0, 'RegionD': 58.50482709333346, 'RegionE': 0.0, 'RegionF': 0.0}"
Pareto_E3_Q2_联合协调_协调_2,OPTIMAL,1,1.2260000705718994,3.9251425182033373e-16,-455560361.1764415,0.0,3542962.323673605,0.3067295796479469,0.6932704203520531,"{'RegionA': 0.0, 'RegionB': 0.0, 'RegionC': 0.0, 'RegionD': 0.0, 'RegionE': 0.0, 'RegionF': 0.0}"
Pareto_E3_Q2_联合协调_影子价格_3,OPTIMAL,1,0.1649999618530273,0.0,-455560361.1764415,0.0,3540137.3678034483,0.3064850109939741,0.6935149890060259,"{'RegionA': 0.0, 'RegionB': 0.0, 'RegionC': 0.0, 'RegionD': 0.0, 'RegionE': 0.0, 'RegionF': 0.0}"
Pareto_E3_Q2_联合协调_协调_3,OPTIMAL,1,0.9779999256134032,1.174178615381177e-15,-456865587.52764297,0.0,3537952.483574457,0.3062958561117277,0.6937041438882723,"{'RegionA': 0.0, 'RegionB': 0.0, 'RegionC': 0.0, 'RegionD': 0.0, 'RegionE': 0.0, 'RegionF': 0.0}"
单因素情景最低碳起点,OPTIMAL,1,2.0360000133514404,0.0,-435155777.8464526,1.000099545252649e-06,3646528.3885153644,0.31569574203766343,0.6843042579623366,"{'RegionA': 0.0, 'RegionB': 0.0, 'RegionC': 0.0, 'RegionD': 0.0, 'RegionE': 4.3388266605321e-06, 'RegionF': 0.0}"
单因素情景统一可行起点,TIME_LIMIT,1,60.30999994277954,,-424965657.3838878,324.66847450817164,3553267.0353665166,0.30762170313027704,0.692378296869723,"{'RegionA': 0.0, 'RegionB': 0.0, 'RegionC': 0.0, 'RegionD': 111.68754624000007, 'RegionE': 74.32416666666666, 'RegionF': 75.91324666666662}"
单因素情景固定模式可行起点,OPTIMAL,1,0.20099997520446777,0.0,-434491121.8591982,101.15662471164522,3553279.2217483292,0.3076227581580841,0.6923772418419158,"{'RegionA': 0.0, 'RegionB': 0.0, 'RegionC': 0.0, 'RegionD': 0.0, 'RegionE': 74.32416666666666, 'RegionF': 45.00247666666826}"
宽松碳约束,TIME_LIMIT,1,67.29999995231628,0.0005360626442253128,-434954361.9705459,286.1083960892632,3553279.2217483236,0.3076227581580836,0.6923772418419164,"{'RegionA': 0.0, 'RegionB': 0.0, 'RegionC': 0.0, 'RegionD': 111.68754624000007, 'RegionE': 74.32416666666631, 'RegionF': 76.80055375666609}"
宽松碳约束_影子价格_1,OPTIMAL,1,0.18999981880187988,0.0,-435064748.19404745,280.35644476917486,3553279.2217483236,0.3076227581580836,0.6923772418419164,"{'RegionA': 0.0, 'RegionB': 0.0, 'RegionC': 0.0, 'RegionD': 111.68754624000007, 'RegionE': 74.32416666666666, 'RegionF': 76.80055375666643}"
宽松碳约束_协调_1,OPTIMAL,1,14.67199993133545,0.0,-444470372.1825877,40.935524271794264,3553279.221748323,0.30762275815808354,0.6923772418419165,"{'RegionA': 0.0, 'RegionB': 0.0, 'RegionC': 0.0, 'RegionD': 0.0, 'RegionE': 68.59958291666601, 'RegionF': 21.092882909999048}"
宽松碳约束_影子价格_2,OPTIMAL,1,0.15700006484985352,0.0,-444470372.1825877,40.935524271794264,3553279.2217483455,0.3076227581580855,0.6923772418419145,"{'RegionA': 0.0, 'RegionB': 0.0, 'RegionC': 0.0, 'RegionD': 0.0, 'RegionE': 68.59958291666601, 'RegionF': 21.092882909999048}"
宽松碳约束_协调_2,OPTIMAL,1,1.5260000228881836,1.0610634578895877e-15,-449395514.14911133,0.0,3550802.2508710786,0.3074083160707656,0.6925916839292344,"{'RegionA': 0.0, 'RegionB': 0.0, 'RegionC': 0.0, 'RegionD': 0.0, 'RegionE': 0.0, 'RegionF': 0.0}"
宽松碳约束_影子价格_3,OPTIMAL,1,0.13699984550476074,0.0,-449395514.14911133,0.0,3553279.2217483274,0.30762275815808393,0.6923772418419161,"{'RegionA': 0.0, 'RegionB': 0.0, 'RegionC': 0.0, 'RegionD': 0.0, 'RegionE': 0.0, 'RegionF': 0.0}"
宽松碳约束_协调_3,OPTIMAL,1,1.187999963760376,1.0554773224696989e-15,-451773949.14310384,0.0,3553279.221748327,0.3076227581580839,0.6923772418419161,"{'RegionA': 0.0, 'RegionB': 0.0, 'RegionC': 0.0, 'RegionD': 0.0, 'RegionE': 0.0, 'RegionF': 0.0}"
严格碳约束,TIME_LIMIT,1,64.92700004577637,0.001428893924498484,-434546196.16661406,101.15662471164522,3553278.743056242,0.3076227167156387,0.6923772832843613,"{'RegionA': 0.0, 'RegionB': 0.0, 'RegionC': 0.0, 'RegionD': 0.0, 'RegionE': 74.32416666666664, 'RegionF': 45.00247666666826}"
严格碳约束_影子价格_1,OPTIMAL,1,0.22899985313415527,0.0,-434939325.8782729,133.53447519925402,3553279.221748337,0.30762275815808476,0.6923772418419152,"{'RegionA': 0.0, 'RegionB': 0.0, 'RegionC': 0.0, 'RegionD': 0.0, 'RegionE': 74.32416666666666, 'RegionF': 76.80055375666643}"
严格碳约束_协调_1,OPTIMAL,1,14.348999977111816,0.0,-444444874.6295524,63.5981220699551,3553279.221748323,0.30762275815808354,0.6923772418419165,"{'RegionA': 0.0, 'RegionB': 0.0, 'RegionC': 0.0, 'RegionD': 0.0, 'RegionE': 68.59958291666601, 'RegionF': 51.60375375666649}"
严格碳约束_影子价格_2,OPTIMAL,1,0.1530001163482666,0.0,-444444874.6295524,63.5981220699551,3553279.221748335,0.30762275815808454,0.6923772418419154,"{'RegionA': 0.0, 'RegionB': 0.0, 'RegionC': 0.0, 'RegionD': 0.0, 'RegionE': 68.59958291666601, 'RegionF': 51.60375375666649}"
严格碳约束_协调_2,OPTIMAL,1,1.4290001392364502,1.0612906203773276e-15,-449299323.90582347,0.0,3550809.622121739,0.30740895423183257,0.6925910457681674,"{'RegionA': 0.0, 'RegionB': 0.0, 'RegionC': 0.0, 'RegionD': 0.0, 'RegionE': 0.0, 'RegionF': 0.0}"
严格碳约束_影子价格_3,OPTIMAL,1,0.1380000114440918,0.0,-449299323.90582347,0.0,3553279.2217483246,0.30762275815808365,0.6923772418419163,"{'RegionA': 0.0, 'RegionB': 0.0, 'RegionC': 0.0, 'RegionD': 0.0, 'RegionE': 0.0, 'RegionF': 0.0}"
严格碳约束_协调_3,OPTIMAL,1,1.375,9.234415464876035e-16,-451823415.3690804,0.0,3553279.221748328,0.30762275815808393,0.6923772418419161,"{'RegionA': 0.0, 'RegionB': 0.0, 'RegionC': 0.0, 'RegionD': 0.0, 'RegionE': 0.0, 'RegionF': 0.0}"
平坦电价,TIME_LIMIT,1,73.90100002288818,0.0015654243627257073,-434475639.0959135,80.1976228954615,3553279.221748329,0.30762275815808404,0.692377241841916,"{'RegionA': 0.0, 'RegionB': 0.0, 'RegionC': 0.0, 'RegionD': 0.0, 'RegionE': 45.571666249996156, 'RegionF': 45.00247666666826}"
平坦电价_影子价格_1,OPTIMAL,1,0.19899988174438477,0.0,-434848297.2348385,4.288833891945888,3553279.2217483353,0.3076227581580846,0.6923772418419154,"{'RegionA': 0.0, 'RegionB': 0.0, 'RegionC': 0.0, 'RegionD': 0.0, 'RegionE': 17.784166666666692, 'RegionF': 0.06253042333412395}"
平坦电价_协调_1,OPTIMAL,1,14.381999969482422,0.0,-444475861.37911826,0.0,3553279.221748323,0.30762275815808354,0.6923772418419165,"{'RegionA': 0.0, 'RegionB': 0.0, 'RegionC': 0.0, 'RegionD': 0.0, 'RegionE': 0.0, 'RegionF': 0.0}"
平坦电价_影子价格_2,OPTIMAL,1,0.1490001678466797,0.0,-444475861.37911826,0.0,3553279.2217483306,0.3076227581580842,0.6923772418419158,"{'RegionA': 0.0, 'RegionB': 0.0, 'RegionC': 0.0, 'RegionD': 0.0, 'RegionE': 0.0, 'RegionF': 0.0}"
平坦电价_协调_2,OPTIMAL,1,1.4619998931884766,1.0609045064373013e-15,-449462845.43971443,0.0,3550782.4845597045,0.3074066048156562,0.6925933951843438,"{'RegionA': 0.0, 'RegionB': 0.0, 'RegionC': 0.0, 'RegionD': 0.0, 'RegionE': 0.0, 'RegionF': 0.0}"
平坦电价_影子价格_3,OPTIMAL,1,0.13899993896484375,0.0,-449462845.43971443,0.0,3553279.2217483134,0.3076227581580827,0.6923772418419173,"{'RegionA': 0.0, 'RegionB': 0.0, 'RegionC': 0.0, 'RegionD': 0.0, 'RegionE': 0.0, 'RegionF': 0.0}"
平坦电价_协调_3,OPTIMAL,1,6.541999816894531,7.911648067463442e-16,-452027018.3946681,0.0,3523998.4658685,0.3050877964163849,0.694912203583615,"{'RegionA': 0.0, 'RegionB': 0.0, 'RegionC': 0.0, 'RegionD': 0.0, 'RegionE': 0.0, 'RegionF': 0.0}"
扩大峰谷价差,TIME_LIMIT,1,73.34999990463257,0.0010970896348898947,-434789186.1351144,174.28112110219053,3553278.3238895107,0.3076226804265609,0.6923773195734391,"{'RegionA': 0.0, 'RegionB': 0.0, 'RegionC': 0.0, 'RegionD': 33.40821290666271, 'RegionE': 85.88666625000064, 'RegionF': 45.00247666666684}"
扩大峰谷价差_影子价格_1,OPTIMAL,1,0.23099994659423828,0.0,-434932543.2463972,197.37605404756894,3553279.221748337,0.30762275815808476,0.6923772418419152,"{'RegionA': 0.0, 'RegionB': 0.0, 'RegionC': 0.0, 'RegionD': 33.40821290666702, 'RegionE': 85.88666625000064, 'RegionF': 75.91324666666662}"
扩大峰谷价差_协调_1,OPTIMAL,1,14.376000165939331,3.4423166348813514e-05,-444431283.4451468,187.40779553368648,3553279.221748324,0.30762275815808365,0.6923772418419163,"{'RegionA': 0.0, 'RegionB': 0.0, 'RegionC': 0.0, 'RegionD': 31.697786666668208, 'RegionE': 85.88666625000064, 'RegionF': 45.963542486658774}"
扩大峰谷价差_影子价格_2,OPTIMAL,1,0.1549999713897705,0.0,-444431283.4451468,187.40779553368648,3553279.2217483344,0.30762275815808454,0.6923772418419154,"{'RegionA': 0.0, 'RegionB': 0.0, 'RegionC': 0.0, 'RegionD': 31.697786666668208, 'RegionE': 85.88666625000064, 'RegionF': 45.963542486658774}"
扩大峰谷价差_协调_2,OPTIMAL,1,2.63700008392334,6.361284127768262e-05,-449250119.6477598,108.54818744361359,3550716.614774323,0.3074009021833006,0.6925990978166994,"{'RegionA': 0.0, 'RegionB': 0.0, 'RegionC': 0.0, 'RegionD': 44.61341376000223, 'RegionE': 20.39333333333218, 'RegionF': 33.722153756666444}"
扩大峰谷价差_影子价格_3,OPTIMAL,1,0.1400001049041748,0.0,-449250119.6477598,108.54818744361359,3553279.2217483306,0.3076227581580842,0.6923772418419158,"{'RegionA': 0.0, 'RegionB': 0.0, 'RegionC': 0.0, 'RegionD': 44.61341376000223, 'RegionE': 20.39333333333218, 'RegionF': 33.722153756666444}"
扩大峰谷价差_协调_3,OPTIMAL,1,1.7189998626708984,5.089808538239587e-05,-451744581.99525976,16.109177511490955,3553279.2217483274,0.30762275815808393,0.6923772418419161,"{'RegionA': 0.0, 'RegionB': 0.0, 'RegionC': 0.0, 'RegionD': 0.0, 'RegionE': 12.576666666666405, 'RegionF': 19.83004666666659}"
低新能源波动,OPTIMAL,1,1.00600004196167,1.8207201114161427e-15,-458315927.6504218,0.0,3546203.5407179627,0.3069808786766972,0.6930191213233028,"{'RegionA': 0.0, 'RegionB': 0.0, 'RegionC': 0.0, 'RegionD': 0.0, 'RegionE': 0.0, 'RegionF': 0.0}"
低新能源波动_影子价格_1,OPTIMAL,1,0.11999988555908203,0.0,-458315927.6504218,0.0,3540570.4150586016,0.30649324116668086,0.6935067588333191,"{'RegionA': 0.0, 'RegionB': 0.0, 'RegionC': 0.0, 'RegionD': 0.0, 'RegionE': 0.0, 'RegionF': 0.0}"
低新能源波动_协调_1,OPTIMAL,1,0.9819998741149902,2.2060734892613502e-15,-459313330.2739213,0.0,3542717.5392724117,0.30667910925637604,0.6933208907436239,"{'RegionA': 0.0, 'RegionB': 0.0, 'RegionC': 0.0, 'RegionD': 0.0, 'RegionE': 0.0, 'RegionF': 0.0}"
低新能源波动_影子价格_2,OPTIMAL,1,0.11300015449523926,0.0,-459313330.2739213,0.0,3534547.287701968,0.3059718427452167,0.6940281572547833,"{'RegionA': 0.0, 'RegionB': 0.0, 'RegionC': 0.0, 'RegionD': 0.0, 'RegionE': 0.0, 'RegionF': 0.0}"
低新能源波动_协调_2,OPTIMAL,1,0.9819998741149902,1.2976110182276305e-16,-459341389.2,0.0,3542589.950922811,0.3066680644352823,0.6933319355647177,"{'RegionA': 0.0, 'RegionB': 0.0, 'RegionC': 0.0, 'RegionD': 0.0, 'RegionE': 0.0, 'RegionF': 0.0}"
高新能源波动,INFEASIBLE,0,0.0409998893737793,0.0,,,,,,
高新能源波动_最低碳端点,OPTIMAL,1,2.3970000743865967,0.0,-339768671.0986599,10792.517404976712,3544910.5991765885,0.3173858553709638,0.6826141446290361,"{'RegionA': 180.49990000000716, 'RegionB': 141.30154954999853, 'RegionC': 166.51837954000248, 'RegionD': 141.49526581333348, 'RegionE': 137.1008333333333, 'RegionF': 107.86432248664104}"
高新能源波动_最低弃电端点,TIME_LIMIT,1,60.40300011634827,,-328851948.5170379,10792.503740986798,3468526.282544746,0.3105469518237897,0.6894530481762102,"{'RegionA': 180.49990000000815, 'RegionB': 141.30154954999853, 'RegionC': 166.51837954000243, 'RegionD': 141.49526581332137, 'RegionE': 137.1008333333333, 'RegionF': 107.86432248663992}"
高新能源波动_成本端点,OPTIMAL,1,0.9179999828338623,0.0,-339768671.15670174,10792.517405976716,3544922.8051180467,0.3173869482033673,0.6826130517966327,"{'RegionA': 180.49990000000716, 'RegionB': 141.30154954999853, 'RegionC': 166.51837954000248, 'RegionD': 141.49526581333348, 'RegionE': 137.1008333333333, 'RegionF': 107.86432248664104}"
高新能源波动,OPTIMAL,1,3.8329999446868896,0.0,-339768671.1567018,10792.517405976716,3506724.5438313987,0.3139669500135787,0.6860330499864213,"{'RegionA': 180.49990000000716, 'RegionB': 141.30154954999853, 'RegionC': 166.51837954000248, 'RegionD': 141.49526581333348, 'RegionE': 137.1008333333333, 'RegionF': 107.86432248664104}"
高新能源波动_影子价格_1,OPTIMAL,1,0.17499995231628418,0.0,-339768671.1567018,10792.517405976716,3506724.5438313903,0.313966950013578,0.686033049986422,"{'RegionA': 180.49990000000716, 'RegionB': 141.30154954999853, 'RegionC': 166.51837954000248, 'RegionD': 141.49526581333348, 'RegionE': 137.1008333333333, 'RegionF': 107.86432248664104}"
高新能源波动_协调_1,OPTIMAL,1,1.5460000038146973,0.0,-360819480.7551724,10792.517405976723,3503853.482050134,0.3137098957455582,0.6862901042544418,"{'RegionA': 136.4495837833333, 'RegionB': 103.21449999999993, 'RegionC': 133.11631954000032, 'RegionD': 154.1356933333327, 'RegionE': 191.95166625000064, 'RegionF': 213.72526709}"
高新能源波动_影子价格_2,OPTIMAL,1,0.14100003242492676,0.0,-360819480.7551723,10792.517405976709,3506724.543831383,0.31396695001357733,0.6860330499864227,"{'RegionA': 136.4495837833333, 'RegionB': 103.21449999999993, 'RegionC': 133.11631954000032, 'RegionD': 154.1356933333327, 'RegionE': 191.95166625000064, 'RegionF': 213.72526709}"
高新能源波动_协调_2,OPTIMAL,1,1.3510000705718994,0.0,-380774137.63149256,10792.517405976723,3462521.642493549,0.31000933944527537,0.6899906605547246,"{'RegionA': 136.4495837833333, 'RegionB': 45.99725000000146, 'RegionC': 122.98241999999959, 'RegionD': 66.95530666666747, 'RegionE': 191.95166625000064, 'RegionF': 213.72526709}"
高新能源波动_影子价格_3,OPTIMAL,1,0.11800003051757812,0.0,-380774137.63149256,10792.517405976694,3462306.0750289746,0.3099900390814947,0.6900099609185053,"{'RegionA': 136.4495837833333, 'RegionB': 45.99725000000146, 'RegionC': 122.98241999999959, 'RegionD': 66.95530666666747, 'RegionE': 191.95166625000064, 'RegionF': 213.72526709}"
高新能源波动_协调_3,OPTIMAL,1,1.1010000705718994,1.2125165694829617e-15,-393262385.1948323,9142.845414638603,3418377.8970690556,0.3060570252729278,0.6939429747270722,"{'RegionA': 136.4495837833333, 'RegionB': 39.54995641025632, 'RegionC': 122.98241999999959, 'RegionD': 74.23169333333243, 'RegionE': 170.69833333333213, 'RegionF': 213.72526709}"
